start,stop
22-02-28T03:48:56Z,22-02-28T06:23:56Z
22-02-28T06:28:56Z,22-02-28T06:40:56Z
22-02-28T08:48:56Z,22-02-28T09:07:56Z
22-02-28T10:26:56Z,22-02-28T10:54:56Z
22-02-28T11:08:56Z,22-02-28T11:34:56Z
22-02-28T17:03:56Z,22-02-28T17:29:56Z
22-02-28T18:47:56Z,22-02-28T19:42:56Z
22-02-28T21:06:56Z,22-02-28T21:45:56Z
22-03-01T00:25:56Z,22-03-01T00:38:56Z
22-03-01T06:50:56Z,22-03-01T07:20:56Z
22-03-01T07:26:56Z,22-03-01T07:50:56Z
22-03-01T08:55:56Z,22-03-01T09:17:56Z
22-03-01T10:34:56Z,22-03-01T10:57:56Z
22-03-01T13:39:56Z,22-03-01T13:42:56Z
22-03-01T14:18:56Z,22-03-01T14:30:56Z
22-03-01T15:05:56Z,22-03-01T16:22:56Z
22-03-01T20:01:56Z,22-03-01T21:46:56Z
22-03-02T05:30:56Z,22-03-02T06:25:56Z
22-03-02T08:15:56Z,22-03-02T08:50:56Z
22-03-02T10:32:56Z,22-03-02T10:53:56Z
22-03-02T10:54:56Z,22-03-02T12:31:56Z
22-03-02T14:12:56Z,22-03-02T14:25:56Z
22-03-02T18:54:56Z,22-03-02T19:21:56Z
22-03-02T20:14:56Z,22-03-02T21:12:56Z
22-03-02T23:44:56Z,22-03-03T00:34:56Z
22-03-03T02:24:56Z,22-03-03T05:13:56Z
22-03-03T06:38:56Z,22-03-03T09:07:56Z
22-03-03T15:56:56Z,22-03-03T16:16:56Z
22-03-03T19:49:56Z,22-03-03T21:49:56Z
22-03-04T00:29:56Z,22-03-04T00:57:56Z
22-03-04T07:48:56Z,22-03-04T08:06:56Z
22-03-04T08:27:56Z,22-03-04T10:07:56Z
22-03-04T13:13:56Z,22-03-04T14:57:56Z
22-03-04T16:00:56Z,22-03-04T17:33:56Z
22-03-04T18:54:56Z,22-03-04T19:27:56Z
22-03-05T04:52:56Z,22-03-05T06:40:56Z
22-03-05T07:15:56Z,22-03-05T09:06:56Z
22-03-05T09:10:56Z,22-03-05T09:52:56Z
22-03-05T15:43:56Z,22-03-05T15:43:56Z
22-03-05T15:48:56Z,22-03-05T15:57:56Z
22-03-05T21:35:56Z,22-03-05T22:18:56Z
22-03-05T23:53:56Z,22-03-06T01:16:56Z
22-03-06T08:22:56Z,22-03-06T08:48:56Z
22-03-06T08:54:56Z,22-03-06T09:45:56Z
22-03-06T10:09:56Z,22-03-06T11:51:56Z
22-03-06T17:57:56Z,22-03-06T19:53:56Z
22-03-06T21:47:56Z,22-03-06T23:18:56Z
22-03-07T05:30:56Z,22-03-07T06:08:56Z
22-03-07T12:47:56Z,22-03-07T16:20:56Z
22-03-07T17:47:56Z,22-03-07T19:10:56Z
22-03-08T09:35:56Z,22-03-08T10:09:56Z
22-03-08T13:34:56Z,22-03-08T14:22:56Z
22-03-08T20:51:56Z,22-03-08T21:17:56Z
22-03-08T22:04:56Z,22-03-08T22:36:56Z
22-03-09T03:58:56Z,22-03-09T04:18:56Z
22-03-09T06:43:56Z,22-03-09T07:20:56Z
22-03-09T08:29:56Z,22-03-09T09:03:56Z
22-03-09T10:39:56Z,22-03-09T11:33:56Z
22-03-09T11:40:56Z,22-03-09T12:10:56Z
22-03-09T13:44:56Z,22-03-09T14:36:56Z
22-03-09T16:45:56Z,22-03-09T18:04:56Z
22-03-09T18:38:56Z,22-03-09T19:05:56Z
22-03-09T21:49:56Z,22-03-09T23:25:56Z
22-03-10T02:20:56Z,22-03-10T05:42:56Z
22-03-10T06:37:56Z,22-03-10T07:28:56Z
22-03-10T10:48:56Z,22-03-10T11:49:56Z
22-03-10T11:59:56Z,22-03-10T13:06:56Z
22-03-10T21:03:56Z,22-03-10T22:23:56Z
22-03-11T00:25:56Z,22-03-11T00:50:56Z
22-03-11T01:45:56Z,22-03-11T05:54:56Z
22-03-11T06:57:56Z,22-03-11T08:02:56Z
22-03-11T08:55:56Z,22-03-11T10:26:56Z
22-03-11T11:18:56Z,22-03-11T12:53:56Z
22-03-11T13:59:56Z,22-03-11T14:28:56Z
22-03-11T16:55:56Z,22-03-11T18:14:56Z
22-03-11T19:12:56Z,22-03-11T19:33:56Z
22-03-11T21:04:56Z,22-03-11T22:08:56Z
22-03-12T00:42:56Z,22-03-12T02:20:56Z
22-03-12T03:18:56Z,22-03-12T06:04:56Z
22-03-12T12:20:56Z,22-03-12T12:44:56Z
22-03-12T13:49:56Z,22-03-12T14:39:56Z
22-03-13T01:27:56Z,22-03-13T04:29:56Z
22-03-13T08:56:56Z,22-03-13T10:20:56Z
22-03-13T12:26:56Z,22-03-13T13:47:56Z
22-03-13T15:00:56Z,22-03-13T15:31:56Z
22-03-13T16:16:56Z,22-03-13T19:12:56Z
22-03-14T02:06:56Z,22-03-14T05:35:56Z
22-03-14T09:23:56Z,22-03-14T10:59:56Z
22-03-14T14:30:56Z,22-03-14T14:54:56Z
22-03-14T15:08:56Z,22-03-14T15:40:56Z
22-03-14T17:20:56Z,22-03-14T18:39:56Z
22-03-14T19:29:56Z,22-03-14T20:01:56Z
22-03-14T21:26:56Z,22-03-14T22:30:56Z
22-03-15T01:42:56Z,22-03-15T04:03:56Z
22-03-15T05:15:56Z,22-03-15T06:11:56Z
22-03-15T07:07:56Z,22-03-15T07:28:56Z
22-03-15T09:37:56Z,22-03-15T10:19:56Z
22-03-15T10:29:56Z,22-03-15T11:00:56Z
22-03-15T16:16:56Z,22-03-15T18:49:56Z
22-03-16T00:44:56Z,22-03-16T03:38:56Z
22-03-16T04:09:56Z,22-03-16T04:51:56Z
22-03-16T05:28:56Z,22-03-16T06:23:56Z
22-03-16T07:06:56Z,22-03-16T10:41:56Z
22-03-16T11:30:56Z,22-03-16T13:07:56Z
22-03-16T15:44:56Z,22-03-16T17:21:56Z
22-03-16T20:28:56Z,22-03-16T20:57:56Z
22-03-16T21:40:56Z,22-03-16T22:17:56Z
22-03-17T01:18:56Z,22-03-17T03:06:56Z
22-03-17T08:16:56Z,22-03-17T08:46:56Z
22-03-17T09:02:56Z,22-03-17T10:16:56Z
22-03-17T10:42:56Z,22-03-17T11:43:56Z
22-03-17T12:11:56Z,22-03-17T13:15:56Z
22-03-17T14:14:56Z,22-03-17T14:31:56Z
22-03-17T21:16:56Z,22-03-17T21:46:56Z
22-03-18T01:25:56Z,22-03-18T02:08:56Z
22-03-18T03:15:56Z,22-03-18T04:34:56Z
22-03-18T05:45:56Z,22-03-18T06:53:56Z
22-03-18T08:43:56Z,22-03-18T09:47:56Z
22-03-18T14:57:56Z,22-03-18T15:39:56Z
22-03-18T15:45:56Z,22-03-18T16:24:56Z
22-03-18T16:59:56Z,22-03-18T17:44:56Z
22-03-18T19:09:56Z,22-03-18T19:59:56Z
22-03-19T02:26:56Z,22-03-19T04:03:56Z
22-03-19T04:42:56Z,22-03-19T05:16:56Z
22-03-19T08:00:56Z,22-03-19T08:39:56Z
22-03-19T09:42:56Z,22-03-19T11:32:56Z
22-03-19T20:57:56Z,22-03-19T21:25:56Z
22-03-19T21:27:56Z,22-03-19T22:06:56Z
22-03-19T23:01:56Z,22-03-19T23:23:56Z
22-03-20T03:19:56Z,22-03-20T04:28:56Z
22-03-20T09:28:56Z,22-03-20T10:51:56Z
22-03-20T14:29:56Z,22-03-20T14:56:56Z
22-03-20T20:43:56Z,22-03-20T22:02:56Z
22-03-20T23:29:56Z,22-03-21T00:14:56Z
22-03-21T02:52:56Z,22-03-21T04:03:56Z
22-03-21T04:46:56Z,22-03-21T05:41:56Z
22-03-21T08:38:56Z,22-03-21T09:39:56Z
22-03-21T10:41:56Z,22-03-21T12:15:56Z
22-03-21T14:10:56Z,22-03-21T16:53:56Z
22-03-21T17:44:56Z,22-03-21T19:00:56Z
22-03-21T21:27:56Z,22-03-21T22:14:56Z
22-03-22T02:30:56Z,22-03-22T03:13:56Z
22-03-22T04:48:56Z,22-03-22T06:13:56Z
22-03-22T06:30:56Z,22-03-22T07:04:56Z
22-03-22T08:43:56Z,22-03-22T09:53:56Z
22-03-22T10:41:56Z,22-03-22T12:27:56Z
22-03-22T13:12:56Z,22-03-22T14:26:56Z
22-03-22T15:28:56Z,22-03-22T17:43:56Z
22-03-22T18:24:56Z,22-03-22T19:04:56Z
22-03-23T04:42:56Z,22-03-23T05:45:56Z
22-03-23T08:51:56Z,22-03-23T09:50:56Z
22-03-23T10:17:56Z,22-03-23T11:30:56Z
22-03-23T11:56:56Z,22-03-23T12:58:56Z
22-03-23T16:34:56Z,22-03-23T18:31:56Z
22-03-23T19:46:56Z,22-03-23T20:43:56Z
22-03-23T22:29:56Z,22-03-23T23:50:56Z
22-03-24T05:46:56Z,22-03-24T06:44:56Z
22-03-24T09:24:56Z,22-03-24T10:01:56Z
22-03-24T10:11:56Z,22-03-24T10:24:56Z
22-03-24T10:28:56Z,22-03-24T10:42:56Z
22-03-24T17:27:56Z,22-03-24T18:59:56Z
22-03-24T22:05:56Z,22-03-24T22:27:56Z
22-03-25T04:36:56Z,22-03-25T07:03:56Z
22-03-25T10:53:56Z,22-03-25T11:49:56Z
22-03-25T12:19:56Z,22-03-25T13:11:56Z
22-03-25T19:02:56Z,22-03-25T19:32:56Z
22-03-25T21:22:56Z,22-03-25T22:32:56Z
22-03-26T03:45:56Z,22-03-26T04:35:56Z
22-03-26T08:56:56Z,22-03-26T09:51:56Z
22-03-26T11:13:56Z,22-03-26T14:25:56Z
22-03-26T14:44:56Z,22-03-26T16:53:56Z
22-03-26T23:26:56Z,22-03-26T23:59:56Z
22-03-27T14:24:56Z,22-03-27T14:56:56Z
22-03-27T15:14:56Z,22-03-27T15:41:56Z
22-03-27T20:57:56Z,22-03-27T22:02:56Z
22-03-27T22:09:56Z,22-03-27T23:53:56Z
22-03-28T01:37:56Z,22-03-28T03:04:56Z
22-03-28T10:46:56Z,22-03-28T11:19:56Z
22-03-28T14:46:56Z,22-03-28T15:40:56Z
22-03-28T18:19:56Z,22-03-28T19:42:56Z
22-03-28T21:54:56Z,22-03-28T21:57:56Z
22-03-29T01:39:56Z,22-03-29T02:27:56Z
22-03-29T05:41:56Z,22-03-29T06:37:56Z
22-03-29T09:00:56Z,22-03-29T10:10:56Z
22-03-29T10:52:56Z,22-03-29T13:04:56Z
22-03-29T13:18:56Z,22-03-29T15:42:56Z
22-03-29T18:21:56Z,22-03-29T19:05:56Z
22-03-29T21:02:56Z,22-03-29T22:10:56Z
22-03-29T23:00:56Z,22-03-29T23:26:56Z
22-03-30T03:11:56Z,22-03-30T04:30:56Z
22-03-30T04:52:56Z,22-03-30T05:32:56Z
22-03-30T06:02:56Z,22-03-30T06:34:56Z
22-03-30T09:38:56Z,22-03-30T09:50:56Z
22-03-30T15:23:56Z,22-03-30T16:54:56Z
22-03-30T20:14:56Z,22-03-30T21:30:56Z
22-03-31T14:38:56Z,22-03-31T15:34:56Z
22-03-31T18:32:56Z,22-03-31T19:14:56Z
22-03-31T19:50:56Z,22-03-31T21:00:56Z
22-03-31T22:28:56Z,22-03-31T23:11:56Z
22-04-01T17:32:56Z,22-04-01T18:01:56Z
22-04-02T01:34:56Z,22-04-02T04:55:56Z
22-04-02T14:52:56Z,22-04-02T15:58:56Z
22-04-03T02:18:56Z,22-04-03T04:38:56Z
22-04-03T08:59:56Z,22-04-03T09:58:56Z
22-04-03T18:07:56Z,22-04-03T18:49:56Z
22-04-03T19:45:56Z,22-04-03T20:28:56Z
22-04-04T01:23:56Z,22-04-04T02:13:56Z
22-04-04T05:39:56Z,22-04-04T05:59:56Z
22-04-04T16:14:56Z,22-04-04T18:09:56Z
22-04-04T20:37:56Z,22-04-04T21:50:56Z
22-04-05T04:09:56Z,22-04-05T04:09:56Z
22-04-05T13:59:56Z,22-04-05T14:35:56Z
22-04-05T20:08:56Z,22-04-05T20:55:56Z
22-04-06T02:43:56Z,22-04-06T02:56:56Z
22-04-06T10:56:56Z,22-04-06T11:28:56Z
22-04-06T21:58:56Z,22-04-06T22:17:56Z
22-04-07T00:13:56Z,22-04-07T00:28:56Z
22-04-07T11:01:56Z,22-04-07T11:28:56Z
22-04-07T17:57:56Z,22-04-07T18:28:56Z
22-04-08T06:36:56Z,22-04-08T07:52:56Z
22-04-09T19:16:56Z,22-04-09T20:14:56Z
22-04-10T13:14:56Z,22-04-10T14:28:56Z
22-04-11T01:41:56Z,22-04-11T02:23:56Z
22-04-11T20:59:56Z,22-04-11T21:57:56Z
22-04-12T00:33:56Z,22-04-12T01:03:56Z
22-04-12T09:18:56Z,22-04-12T09:40:56Z
22-04-12T20:29:56Z,22-04-12T21:06:56Z
22-04-13T13:20:56Z,22-04-13T13:32:56Z
22-04-14T08:35:56Z,22-04-14T10:38:56Z
22-04-14T11:47:56Z,22-04-14T12:36:56Z
22-04-14T15:51:56Z,22-04-14T16:15:56Z
22-04-14T20:00:56Z,22-04-14T21:04:56Z
22-04-14T22:09:56Z,22-04-15T00:13:56Z
22-04-15T03:41:56Z,22-04-15T04:00:56Z
22-04-15T09:39:56Z,22-04-15T10:50:56Z
22-04-15T20:25:56Z,22-04-15T21:25:56Z
22-04-16T03:18:56Z,22-04-16T05:13:56Z
22-04-16T07:50:56Z,22-04-16T08:50:56Z
22-04-16T13:02:56Z,22-04-16T13:33:56Z
22-04-16T18:35:56Z,22-04-16T18:42:56Z
22-04-16T19:29:56Z,22-04-16T20:07:56Z
22-04-17T03:21:56Z,22-04-17T04:49:56Z
22-04-18T04:30:56Z,22-04-18T07:05:56Z
22-04-18T07:54:56Z,22-04-18T08:41:56Z
22-04-18T10:39:56Z,22-04-18T11:35:56Z
22-04-18T19:13:56Z,22-04-18T21:10:56Z
22-04-18T23:29:56Z,22-04-19T00:08:56Z
22-04-20T18:11:56Z,22-04-20T18:48:56Z
22-04-20T20:31:56Z,22-04-20T21:06:56Z
22-04-21T15:06:56Z,22-04-21T15:49:56Z
22-04-21T17:54:56Z,22-04-21T18:58:56Z
22-04-22T10:58:56Z,22-04-22T11:28:56Z
22-04-22T20:00:56Z,22-04-22T21:04:56Z
22-04-23T11:12:56Z,22-04-23T11:28:56Z
22-04-23T11:48:56Z,22-04-23T13:16:56Z
22-04-23T20:23:56Z,22-04-23T21:34:56Z
22-04-24T16:48:56Z,22-04-24T18:47:56Z
22-04-24T18:52:56Z,22-04-24T19:23:56Z
22-04-25T04:52:56Z,22-04-25T07:33:56Z
22-04-25T09:23:56Z,22-04-25T09:45:56Z
22-04-25T09:46:56Z,22-04-25T10:02:56Z
22-04-25T18:47:56Z,22-04-25T20:07:56Z
22-04-27T07:14:56Z,22-04-27T07:37:56Z
22-04-27T16:11:56Z,22-04-27T16:38:56Z
22-04-27T22:51:56Z,22-04-27T23:28:56Z
22-04-28T05:34:56Z,22-04-28T06:02:56Z
22-04-28T16:19:56Z,22-04-28T19:14:56Z
22-04-29T05:48:56Z,22-04-29T06:13:56Z
22-04-29T20:38:56Z,22-04-29T21:33:56Z
22-05-03T16:13:56Z,22-05-03T16:25:56Z
22-05-03T16:55:56Z,22-05-03T19:29:56Z
22-05-03T21:21:56Z,22-05-03T21:38:56Z
22-05-04T17:42:56Z,22-05-04T21:13:56Z
22-05-05T01:23:56Z,22-05-05T02:22:56Z
22-05-05T08:10:56Z,22-05-05T09:13:56Z
22-05-05T18:10:56Z,22-05-05T20:12:56Z
22-05-06T10:46:56Z,22-05-06T11:08:56Z
22-05-06T12:32:56Z,22-05-06T13:15:56Z
22-05-06T15:44:56Z,22-05-06T15:52:56Z
22-05-06T23:11:56Z,22-05-06T23:23:56Z
22-05-07T02:15:56Z,22-05-07T02:25:56Z
22-05-07T02:30:56Z,22-05-07T02:48:56Z
22-05-07T11:36:56Z,22-05-07T13:41:56Z
22-05-07T23:48:56Z,22-05-08T00:31:56Z
22-05-08T05:32:56Z,22-05-08T06:00:56Z
22-05-08T06:18:56Z,22-05-08T06:36:56Z
22-05-08T07:27:56Z,22-05-08T07:49:56Z
22-05-08T09:47:56Z,22-05-08T10:09:56Z
22-05-08T15:46:56Z,22-05-08T16:58:56Z
22-05-08T19:46:56Z,22-05-08T20:01:56Z
22-05-09T09:05:56Z,22-05-09T09:21:56Z
22-05-09T13:47:56Z,22-05-09T14:12:56Z
22-05-09T17:44:56Z,22-05-09T18:08:56Z
22-05-10T16:53:56Z,22-05-10T17:38:56Z
22-05-11T22:30:56Z,22-05-11T23:01:56Z
22-05-12T15:07:56Z,22-05-12T16:05:56Z
22-05-12T19:36:56Z,22-05-12T21:22:56Z
22-05-12T21:38:56Z,22-05-12T23:10:56Z
22-05-13T00:59:56Z,22-05-13T01:31:56Z
22-05-13T18:49:56Z,22-05-13T20:26:56Z
22-05-14T09:12:56Z,22-05-14T09:32:56Z
22-05-14T13:19:56Z,22-05-14T13:27:56Z
22-05-15T19:33:56Z,22-05-15T20:18:56Z
22-05-16T06:51:56Z,22-05-16T07:30:56Z
22-05-16T22:16:56Z,22-05-16T23:08:56Z
22-05-17T00:46:56Z,22-05-17T03:25:56Z
22-05-17T19:47:56Z,22-05-17T21:00:56Z
22-05-18T16:32:56Z,22-05-18T19:11:56Z
22-05-18T19:49:56Z,22-05-18T20:37:56Z
22-05-20T04:02:56Z,22-05-20T04:29:56Z
22-05-20T06:14:56Z,22-05-20T07:12:56Z
22-05-20T12:52:56Z,22-05-20T13:24:56Z
22-05-20T13:49:56Z,22-05-20T14:08:56Z
22-05-20T14:32:56Z,22-05-20T16:58:56Z
22-05-21T02:37:56Z,22-05-21T03:08:56Z
22-05-21T08:38:56Z,22-05-21T09:59:56Z
22-05-21T10:38:56Z,22-05-21T11:07:56Z
22-05-22T11:05:56Z,22-05-22T12:16:56Z
22-05-22T14:35:56Z,22-05-22T16:08:56Z
22-05-22T21:54:56Z,22-05-22T22:42:56Z
22-05-22T22:44:56Z,22-05-23T00:15:56Z
22-05-23T01:31:56Z,22-05-23T02:14:56Z
22-05-23T14:24:56Z,22-05-23T16:14:56Z
22-05-23T18:20:56Z,22-05-23T18:42:56Z
22-05-23T21:48:56Z,22-05-23T22:13:56Z
22-05-24T10:59:56Z,22-05-24T13:16:56Z
22-05-25T01:29:56Z,22-05-25T01:43:56Z
22-05-25T02:33:56Z,22-05-25T04:28:56Z
22-05-25T17:30:56Z,22-05-25T19:46:56Z
22-05-27T01:16:56Z,22-05-27T01:45:56Z
22-05-27T18:44:56Z,22-05-27T19:28:56Z
22-05-27T19:37:56Z,22-05-27T20:17:56Z
22-05-27T21:59:56Z,22-05-27T22:36:56Z
22-05-28T08:26:56Z,22-05-28T08:44:56Z
22-05-28T18:17:56Z,22-05-28T19:15:56Z
22-05-29T03:02:56Z,22-05-29T03:38:56Z
22-05-29T10:48:56Z,22-05-29T11:19:56Z
22-05-29T20:53:56Z,22-05-29T21:16:56Z
22-05-31T23:08:56Z,22-05-31T23:28:56Z
22-06-01T13:46:56Z,22-06-01T14:16:56Z
22-06-01T19:09:56Z,22-06-01T21:16:56Z
22-06-02T03:40:56Z,22-06-02T04:14:56Z
22-06-03T11:25:56Z,22-06-03T11:49:56Z
22-06-03T11:52:56Z,22-06-03T12:38:56Z
22-06-03T20:15:56Z,22-06-03T21:20:56Z
22-06-04T19:43:56Z,22-06-04T21:03:56Z
22-06-05T00:40:56Z,22-06-05T01:10:56Z
22-06-05T02:58:56Z,22-06-05T05:23:56Z
22-06-05T23:14:56Z,22-06-06T00:07:56Z
22-06-06T08:18:56Z,22-06-06T11:06:56Z
22-06-07T00:08:56Z,22-06-07T00:38:56Z
22-06-07T15:59:56Z,22-06-07T16:03:56Z
22-06-07T17:41:56Z,22-06-07T18:44:56Z
22-06-08T14:19:56Z,22-06-08T15:07:56Z
22-06-08T22:40:56Z,22-06-08T23:32:56Z
22-06-09T11:13:56Z,22-06-09T12:20:56Z
22-06-10T18:51:56Z,22-06-10T19:06:56Z
22-06-10T19:16:56Z,22-06-10T19:39:56Z
22-06-11T18:59:56Z,22-06-11T20:11:56Z
22-06-12T21:20:56Z,22-06-12T21:51:56Z
22-06-13T10:53:56Z,22-06-13T11:43:56Z
22-06-14T07:22:56Z,22-06-14T07:57:56Z
22-06-14T10:24:56Z,22-06-14T11:48:56Z
22-06-14T22:47:56Z,22-06-14T23:24:56Z
22-06-16T08:34:56Z,22-06-16T09:05:56Z
22-06-16T13:55:56Z,22-06-16T14:12:56Z
22-06-16T21:21:56Z,22-06-16T22:37:56Z
22-06-18T02:28:56Z,22-06-18T03:42:56Z
22-06-18T09:23:56Z,22-06-18T09:30:56Z
22-06-18T10:28:56Z,22-06-18T10:55:56Z
22-06-18T17:26:56Z,22-06-18T17:57:56Z
22-06-19T05:38:56Z,22-06-19T06:10:56Z
22-06-20T13:59:56Z,22-06-20T14:29:56Z
22-06-20T18:53:56Z,22-06-20T19:22:56Z
22-06-21T06:46:56Z,22-06-21T06:48:56Z
22-06-22T21:56:56Z,22-06-22T22:15:56Z
22-06-22T22:25:56Z,22-06-22T22:38:56Z
22-06-23T06:31:56Z,22-06-23T07:29:56Z
22-06-23T15:40:56Z,22-06-23T15:55:56Z
22-06-23T17:31:56Z,22-06-23T17:55:56Z
22-06-24T19:43:56Z,22-06-24T20:59:56Z
22-06-25T01:17:56Z,22-06-25T02:59:56Z
22-06-25T03:01:56Z,22-06-25T04:58:56Z
22-06-25T16:25:56Z,22-06-25T17:44:56Z
22-06-26T02:36:56Z,22-06-26T03:00:56Z
22-06-26T03:44:56Z,22-06-26T05:18:56Z
22-06-26T08:37:56Z,22-06-26T11:02:56Z
22-06-26T16:35:56Z,22-06-26T17:01:56Z
22-06-26T22:34:56Z,22-06-26T23:28:56Z
22-06-27T09:25:56Z,22-06-27T09:57:56Z
22-06-27T13:37:56Z,22-06-27T14:12:56Z
22-06-28T09:15:56Z,22-06-28T09:15:56Z
22-06-28T14:40:56Z,22-06-28T15:42:56Z
22-06-28T18:45:56Z,22-06-28T19:43:56Z
22-07-05T00:48:56Z,22-07-05T02:39:56Z
22-07-05T17:13:56Z,22-07-05T18:17:56Z
22-07-06T00:42:56Z,22-07-06T01:46:56Z
22-07-07T01:07:56Z,22-07-07T02:02:56Z
22-07-10T20:51:56Z,22-07-10T23:04:56Z
22-07-12T02:29:56Z,22-07-12T03:45:56Z
22-07-13T12:15:56Z,22-07-13T13:16:56Z
22-07-14T08:01:56Z,22-07-14T10:20:56Z
22-07-14T13:02:56Z,22-07-14T13:17:56Z
22-07-14T20:18:56Z,22-07-14T22:05:56Z
22-07-15T16:24:56Z,22-07-15T16:30:56Z
22-07-15T17:56:56Z,22-07-15T19:45:56Z
22-07-16T02:01:56Z,22-07-16T03:31:56Z
22-07-16T14:18:56Z,22-07-16T15:49:56Z
22-07-18T15:27:56Z,22-07-18T15:58:56Z
22-07-18T21:22:56Z,22-07-18T21:59:56Z
22-07-23T02:33:56Z,22-07-23T03:57:56Z
22-07-24T06:06:56Z,22-07-24T07:27:56Z
22-07-24T08:37:56Z,22-07-24T09:45:56Z
22-07-24T21:02:56Z,22-07-24T21:40:56Z
22-07-25T15:16:56Z,22-07-25T16:54:56Z
22-07-25T20:00:56Z,22-07-25T21:18:56Z
22-07-26T21:09:56Z,22-07-26T22:35:56Z
22-07-27T07:37:56Z,22-07-27T08:40:56Z
22-07-28T02:06:56Z,22-07-28T03:15:56Z
22-07-28T03:34:56Z,22-07-28T04:01:56Z
22-07-28T04:06:56Z,22-07-28T04:08:56Z
22-07-28T04:17:56Z,22-07-28T04:50:56Z
22-07-28T10:18:56Z,22-07-28T10:51:56Z
22-07-29T07:23:56Z,22-07-29T08:40:56Z
22-07-30T07:19:56Z,22-07-30T07:48:56Z
22-07-31T13:33:56Z,22-07-31T13:54:56Z
22-07-31T19:48:56Z,22-07-31T21:04:56Z
22-08-02T14:51:56Z,22-08-02T16:17:56Z
22-08-04T23:45:56Z,22-08-05T00:11:56Z
22-08-05T17:24:56Z,22-08-05T18:00:56Z
22-08-05T19:34:56Z,22-08-05T19:57:56Z
22-08-07T18:02:56Z,22-08-07T19:37:56Z
22-08-08T05:58:56Z,22-08-08T06:27:56Z
22-08-08T08:23:56Z,22-08-08T08:41:56Z
22-08-08T11:04:56Z,22-08-08T11:31:56Z
22-08-08T16:23:56Z,22-08-08T17:06:56Z
22-08-11T11:06:56Z,22-08-11T11:58:56Z
22-08-11T17:10:56Z,22-08-11T17:27:56Z
22-08-11T19:06:56Z,22-08-11T19:43:56Z
22-08-12T02:22:56Z,22-08-12T02:43:56Z
22-08-12T23:50:56Z,22-08-13T00:16:56Z
22-08-13T05:58:56Z,22-08-13T06:13:56Z
22-08-15T21:27:56Z,22-08-15T22:27:56Z
22-08-15T22:35:56Z,22-08-16T00:03:56Z
22-08-16T10:54:56Z,22-08-16T11:55:56Z
22-08-16T11:59:56Z,22-08-16T12:27:56Z
22-08-17T00:23:56Z,22-08-17T01:27:56Z
22-08-18T02:46:56Z,22-08-18T03:03:56Z
22-08-18T21:27:56Z,22-08-18T22:14:56Z
22-08-19T15:04:56Z,22-08-19T15:54:56Z
22-08-19T16:49:56Z,22-08-19T17:03:56Z
22-08-19T23:44:56Z,22-08-20T00:12:56Z
22-08-20T07:41:56Z,22-08-20T08:07:56Z
22-08-20T08:59:56Z,22-08-20T10:25:56Z
22-08-20T12:11:56Z,22-08-20T12:58:56Z
22-08-21T01:09:56Z,22-08-21T01:53:56Z
22-08-22T08:17:56Z,22-08-22T08:33:56Z
22-08-22T13:39:56Z,22-08-22T14:00:56Z
22-08-23T05:16:56Z,22-08-23T05:35:56Z
22-08-24T04:29:56Z,22-08-24T05:26:56Z
22-08-24T08:35:56Z,22-08-24T09:21:56Z
22-08-24T10:33:56Z,22-08-24T12:12:56Z
22-08-24T13:42:56Z,22-08-24T14:27:56Z
22-08-24T14:48:56Z,22-08-24T15:55:56Z
22-08-24T16:20:56Z,22-08-24T17:02:56Z
22-08-24T17:14:56Z,22-08-24T18:24:56Z
22-08-25T00:43:56Z,22-08-25T01:30:56Z
22-08-26T00:19:56Z,22-08-26T00:45:56Z
22-08-28T17:16:56Z,22-08-28T17:48:56Z
22-08-31T09:42:56Z,22-08-31T10:18:56Z
22-09-02T12:14:56Z,22-09-02T12:47:56Z
22-09-02T16:38:56Z,22-09-02T17:06:56Z
22-09-02T21:44:56Z,22-09-02T22:06:56Z
22-09-04T04:06:56Z,22-09-04T05:30:56Z
22-09-06T05:26:56Z,22-09-06T06:27:56Z
22-09-07T06:31:56Z,22-09-07T06:48:56Z
22-09-07T17:23:56Z,22-09-07T17:47:56Z
22-09-09T18:34:56Z,22-09-09T18:51:56Z
22-09-11T03:53:56Z,22-09-11T04:09:56Z
22-09-11T08:27:56Z,22-09-11T09:46:56Z
22-09-11T17:08:56Z,22-09-11T18:40:56Z
22-09-14T14:31:56Z,22-09-14T14:48:56Z
22-09-14T14:52:56Z,22-09-14T15:51:56Z
22-09-15T11:00:56Z,22-09-15T11:27:56Z
22-09-15T12:44:56Z,22-09-15T13:17:56Z
22-09-15T14:44:56Z,22-09-15T15:22:56Z
22-09-16T11:01:56Z,22-09-16T11:18:56Z
22-09-16T11:24:56Z,22-09-16T12:19:56Z
22-09-16T20:07:56Z,22-09-16T20:32:56Z
22-09-20T02:57:56Z,22-09-20T03:11:56Z
22-09-22T09:40:56Z,22-09-22T10:10:56Z
22-09-22T15:24:56Z,22-09-22T15:31:56Z
22-09-26T11:30:56Z,22-09-26T11:59:56Z
22-09-28T16:17:56Z,22-09-28T16:44:56Z
22-09-30T18:57:56Z,22-09-30T19:27:56Z
22-10-01T02:08:56Z,22-10-01T02:40:56Z
22-10-01T13:42:56Z,22-10-01T14:20:56Z
22-10-03T05:22:56Z,22-10-03T06:20:56Z
22-10-04T12:32:56Z,22-10-04T13:49:56Z
22-10-05T00:19:56Z,22-10-05T03:00:56Z
22-10-05T03:53:56Z,22-10-05T05:43:56Z
22-10-06T03:35:56Z,22-10-06T04:04:56Z
22-10-06T13:42:56Z,22-10-06T14:11:56Z
22-10-09T16:08:56Z,22-10-09T17:30:56Z
22-10-09T19:50:56Z,22-10-09T20:18:56Z
22-10-10T04:44:56Z,22-10-10T10:21:56Z
22-10-10T13:11:56Z,22-10-10T15:06:56Z
22-10-11T05:49:56Z,22-10-11T10:57:56Z
22-10-11T23:06:56Z,22-10-11T23:33:56Z
22-10-12T00:12:56Z,22-10-12T00:43:56Z
22-10-12T03:18:56Z,22-10-12T03:22:56Z
22-10-12T05:31:56Z,22-10-12T05:49:56Z
22-10-12T17:42:56Z,22-10-12T19:12:56Z
22-10-13T02:59:56Z,22-10-13T04:11:56Z
22-10-13T13:34:56Z,22-10-13T14:46:56Z
22-10-13T16:49:56Z,22-10-13T16:58:56Z
22-10-15T05:04:56Z,22-10-15T06:04:56Z
22-10-15T10:32:56Z,22-10-15T10:52:56Z
22-10-15T23:42:56Z,22-10-16T00:10:56Z
22-10-16T06:12:56Z,22-10-16T06:22:56Z
22-10-16T10:24:56Z,22-10-16T11:25:56Z
22-10-17T04:20:56Z,22-10-17T07:28:56Z
22-10-17T10:37:56Z,22-10-17T13:10:56Z
22-10-17T17:08:56Z,22-10-17T19:50:56Z
22-10-17T20:36:56Z,22-10-17T22:46:56Z
22-10-18T03:08:56Z,22-10-18T04:02:56Z
22-10-18T04:22:56Z,22-10-18T07:58:56Z
22-10-19T10:46:56Z,22-10-19T14:17:56Z
22-10-19T23:09:56Z,22-10-19T23:14:56Z
22-10-20T07:27:56Z,22-10-20T09:30:56Z
22-10-21T05:43:56Z,22-10-21T06:19:56Z
22-10-21T13:10:56Z,22-10-21T14:23:56Z
22-10-21T23:35:56Z,22-10-22T01:28:56Z
22-10-22T05:28:56Z,22-10-22T08:49:56Z
22-10-22T09:12:56Z,22-10-22T10:37:56Z
22-10-22T23:40:56Z,22-10-22T23:58:56Z
22-10-24T11:19:56Z,22-10-24T12:45:56Z
22-10-25T08:25:56Z,22-10-25T10:31:56Z
22-10-26T06:37:56Z,22-10-26T07:31:56Z
22-10-26T13:09:56Z,22-10-26T14:23:56Z
22-10-26T15:43:56Z,22-10-26T16:27:56Z
22-10-26T16:40:56Z,22-10-26T17:31:56Z
22-10-26T19:27:56Z,22-10-26T21:06:56Z
22-10-27T08:28:56Z,22-10-27T09:01:56Z
22-10-27T09:42:56Z,22-10-27T11:15:56Z
22-10-27T22:55:56Z,22-10-27T23:16:56Z
22-10-28T17:34:56Z,22-10-28T17:55:56Z
22-10-29T15:36:56Z,22-10-29T17:00:56Z
22-10-30T22:57:56Z,22-10-30T23:20:56Z
22-10-31T04:57:56Z,22-10-31T07:59:56Z
22-11-01T07:07:56Z,22-11-01T08:36:56Z
22-11-04T13:59:56Z,22-11-04T14:48:56Z
22-11-05T07:04:56Z,22-11-05T08:31:56Z
22-11-08T19:22:56Z,22-11-08T20:05:56Z
22-11-09T10:56:56Z,22-11-09T12:22:56Z
22-11-12T12:21:56Z,22-11-12T13:53:56Z
22-11-12T21:20:56Z,22-11-12T21:50:56Z
22-11-13T07:12:56Z,22-11-13T08:47:56Z
22-11-13T10:04:56Z,22-11-13T11:41:56Z
22-11-15T12:18:56Z,22-11-15T16:17:56Z
22-11-15T21:36:56Z,22-11-15T22:22:56Z
22-11-16T07:43:56Z,22-11-16T08:15:56Z
22-11-17T05:57:56Z,22-11-17T08:53:56Z
22-11-20T07:10:56Z,22-11-20T08:43:56Z
22-11-23T10:43:56Z,22-11-23T13:05:56Z
22-11-29T10:38:56Z,22-11-29T10:49:56Z
22-12-01T12:16:56Z,22-12-01T13:33:56Z
22-12-03T12:31:56Z,22-12-03T12:50:56Z
22-12-05T11:07:56Z,22-12-05T14:07:56Z
22-12-11T11:17:56Z,22-12-11T11:36:56Z
22-12-11T22:21:56Z,22-12-11T22:51:56Z
22-12-13T12:37:56Z,22-12-13T13:48:56Z
22-12-14T03:52:56Z,22-12-14T07:04:56Z
22-12-16T06:07:56Z,22-12-16T10:15:56Z
22-12-17T09:20:56Z,22-12-17T11:03:56Z
22-12-18T23:53:56Z,22-12-19T03:12:56Z
22-12-19T03:21:56Z,22-12-19T03:47:56Z
22-12-19T11:30:56Z,22-12-19T11:52:56Z
22-12-21T10:21:56Z,22-12-21T12:20:56Z
22-12-21T12:47:56Z,22-12-21T13:05:56Z
22-12-22T09:15:56Z,22-12-22T09:39:56Z
22-12-23T10:49:56Z,22-12-23T11:21:56Z
22-12-24T09:50:56Z,22-12-24T10:08:56Z
22-12-25T07:20:56Z,22-12-25T09:11:56Z
22-12-25T12:23:56Z,22-12-25T14:17:56Z
22-12-27T12:44:56Z,22-12-27T14:24:56Z
22-12-28T07:05:56Z,22-12-28T07:24:56Z
22-12-28T09:19:56Z,22-12-28T11:15:56Z
22-12-29T03:58:56Z,22-12-29T08:43:56Z
22-12-30T00:09:56Z,22-12-30T02:21:56Z
22-12-30T09:44:56Z,22-12-30T10:17:56Z
22-12-31T10:46:56Z,22-12-31T14:00:56Z
22-12-31T22:32:56Z,23-01-01T02:47:56Z
23-01-01T21:35:56Z,23-01-02T01:43:56Z
23-01-04T08:33:56Z,23-01-04T10:31:56Z
23-01-06T10:42:56Z,23-01-06T12:34:56Z
23-01-14T07:32:56Z,23-01-14T09:00:56Z
23-01-14T12:34:56Z,23-01-14T14:59:56Z
23-01-19T08:11:56Z,23-01-19T09:42:56Z
23-01-20T10:37:56Z,23-01-20T12:22:56Z
23-01-24T12:33:56Z,23-01-24T13:12:56Z
23-01-25T07:04:56Z,23-01-25T08:52:56Z
23-01-25T11:58:56Z,23-01-25T13:39:56Z
23-01-25T14:16:56Z,23-01-25T14:47:56Z
23-01-25T18:04:56Z,23-01-25T18:34:56Z
23-01-25T21:59:56Z,23-01-26T01:43:56Z
23-01-26T05:42:56Z,23-01-26T10:05:56Z
23-01-31T09:14:56Z,23-01-31T09:41:56Z
23-01-31T10:45:56Z,23-01-31T11:01:56Z
23-01-31T12:27:56Z,23-01-31T12:53:56Z
23-02-03T08:27:56Z,23-02-03T10:10:56Z
23-02-03T14:31:56Z,23-02-03T15:14:56Z
23-02-04T07:02:56Z,23-02-04T08:52:56Z
23-02-04T14:46:56Z,23-02-04T15:31:56Z
23-02-08T13:38:56Z,23-02-08T13:46:56Z
23-02-10T01:55:56Z,23-02-10T02:44:56Z
23-02-10T06:24:56Z,23-02-10T09:54:56Z
23-02-10T11:13:56Z,23-02-10T12:37:56Z
23-02-10T14:29:56Z,23-02-10T16:23:56Z
23-02-10T19:43:56Z,23-02-10T22:48:56Z
23-02-14T07:07:56Z,23-02-14T08:56:56Z
23-02-15T12:58:56Z,23-02-15T13:50:56Z
23-02-16T00:32:56Z,23-02-16T02:38:56Z
23-02-16T10:08:56Z,23-02-16T10:32:56Z
23-02-17T11:39:56Z,23-02-17T12:12:56Z
23-02-17T13:38:56Z,23-02-17T14:04:56Z
23-02-18T06:27:56Z,23-02-18T07:33:56Z
23-02-19T13:26:56Z,23-02-19T13:51:56Z
23-02-20T09:31:56Z,23-02-20T11:04:56Z
23-02-22T07:02:56Z,23-02-22T08:57:56Z
23-02-23T09:26:56Z,23-02-23T09:49:56Z
23-02-25T07:20:56Z,23-02-25T07:49:56Z
23-02-25T13:52:56Z,23-02-25T14:15:56Z
23-02-26T21:16:56Z,23-02-27T02:43:56Z
23-02-27T06:21:56Z,23-02-27T07:20:56Z
23-02-28T15:32:56Z,23-02-28T15:41:56Z
23-02-28T21:49:56Z,23-02-28T23:18:56Z
23-03-01T09:29:56Z,23-03-01T10:05:56Z
23-03-01T17:01:56Z,23-03-01T17:19:56Z
23-03-02T16:50:56Z,23-03-02T17:08:56Z
23-03-03T07:05:56Z,23-03-03T08:50:56Z
23-03-05T22:50:56Z,23-03-06T01:00:56Z
23-03-06T07:03:56Z,23-03-06T08:46:56Z
23-03-07T08:29:56Z,23-03-07T08:52:56Z
23-03-07T10:19:56Z,23-03-07T10:38:56Z
23-03-07T12:05:56Z,23-03-07T12:31:56Z
23-03-08T22:54:56Z,23-03-09T05:46:56Z
23-03-09T10:54:56Z,23-03-09T12:17:56Z
23-03-10T07:09:56Z,23-03-10T08:31:56Z
23-03-10T16:36:56Z,23-03-10T16:55:56Z
23-03-13T08:46:56Z,23-03-13T09:45:56Z
23-03-13T11:13:56Z,23-03-13T11:48:56Z
23-03-14T08:00:56Z,23-03-14T09:07:56Z
23-03-14T10:57:56Z,23-03-14T11:25:56Z
23-03-14T12:27:56Z,23-03-14T12:52:56Z
23-03-14T14:23:56Z,23-03-14T14:46:56Z
23-03-14T17:08:56Z,23-03-14T18:03:56Z
23-03-15T07:41:56Z,23-03-15T09:22:56Z
23-03-15T10:56:56Z,23-03-15T11:14:56Z
23-03-15T13:00:56Z,23-03-15T13:49:56Z
23-03-16T07:02:56Z,23-03-16T08:33:56Z
23-03-17T19:14:56Z,23-03-17T23:40:56Z
23-03-18T07:04:56Z,23-03-18T09:11:56Z
23-03-18T15:45:56Z,23-03-18T15:58:56Z
23-03-20T07:06:56Z,23-03-20T08:38:56Z
23-03-20T13:36:56Z,23-03-20T13:52:56Z
23-03-21T22:09:56Z,23-03-22T02:28:56Z
23-03-22T07:05:56Z,23-03-22T09:05:56Z
23-03-23T07:04:56Z,23-03-23T09:01:56Z
23-03-23T21:55:56Z,23-03-23T23:26:56Z
23-03-27T20:07:56Z,23-03-27T22:33:56Z
23-03-30T11:22:56Z,23-03-30T11:40:56Z
23-03-30T19:54:56Z,23-03-30T22:29:56Z
23-04-04T10:35:56Z,23-04-04T12:38:56Z
23-04-07T17:25:56Z,23-04-07T17:47:56Z
23-04-13T09:25:56Z,23-04-13T10:12:56Z
23-04-19T20:04:56Z,23-04-19T20:58:56Z
23-04-20T22:06:56Z,23-04-20T22:25:56Z
23-04-20T22:36:56Z,23-04-21T01:31:56Z
23-04-21T16:22:56Z,23-04-21T16:53:56Z
23-04-28T01:58:56Z,23-04-28T04:10:56Z
23-04-28T16:28:56Z,23-04-28T17:11:56Z
23-05-01T01:38:56Z,23-05-01T04:29:56Z
23-05-02T22:11:56Z,23-05-03T02:45:56Z
23-05-03T14:25:56Z,23-05-03T14:38:56Z
23-05-03T14:43:56Z,23-05-03T15:35:56Z
23-05-04T00:18:56Z,23-05-04T04:00:56Z
23-05-04T17:57:56Z,23-05-04T18:30:56Z
23-05-05T15:02:56Z,23-05-05T16:00:56Z
23-05-06T20:21:56Z,23-05-06T23:06:56Z
23-05-07T21:31:56Z,23-05-08T01:06:56Z
23-05-08T09:53:56Z,23-05-08T10:40:56Z
23-05-09T02:00:56Z,23-05-09T04:01:56Z
23-05-13T00:17:56Z,23-05-13T02:47:56Z
23-05-13T20:08:56Z,23-05-13T22:08:56Z
23-05-14T01:01:56Z,23-05-14T03:30:56Z
23-05-15T17:55:56Z,23-05-15T18:12:56Z
23-05-16T00:21:56Z,23-05-16T02:00:56Z
23-05-16T02:18:56Z,23-05-16T03:30:56Z
23-05-16T21:06:56Z,23-05-16T22:09:56Z
23-05-17T21:16:56Z,23-05-17T21:42:56Z
23-05-18T01:07:56Z,23-05-18T03:59:56Z
23-05-18T18:48:56Z,23-05-18T19:20:56Z
23-05-18T21:58:56Z,23-05-19T02:14:56Z
23-05-19T22:38:56Z,23-05-20T00:58:56Z
23-05-22T00:40:56Z,23-05-22T03:06:56Z
23-05-22T21:00:56Z,23-05-22T21:12:56Z
23-05-24T21:42:56Z,23-05-25T00:58:56Z
23-05-26T00:59:56Z,23-05-26T03:31:56Z
23-05-27T23:05:56Z,23-05-28T04:19:56Z
23-05-28T22:37:56Z,23-05-29T02:55:56Z
23-05-29T09:06:56Z,23-05-29T10:20:56Z
23-05-29T14:52:56Z,23-05-29T15:49:56Z
23-05-30T00:03:56Z,23-05-30T02:43:56Z
23-06-01T00:46:56Z,23-06-01T02:00:56Z
23-06-01T05:26:56Z,23-06-01T05:47:56Z
23-06-01T08:11:56Z,23-06-01T08:32:56Z
23-06-01T23:52:56Z,23-06-02T02:33:56Z
23-06-02T20:44:56Z,23-06-02T21:12:56Z
23-06-03T23:45:56Z,23-06-04T02:27:56Z
23-06-05T22:51:56Z,23-06-06T02:04:56Z
23-06-07T09:25:56Z,23-06-07T10:00:56Z
23-06-08T18:14:56Z,23-06-08T19:03:56Z
23-06-08T22:38:56Z,23-06-09T02:18:56Z
23-06-10T01:28:56Z,23-06-10T02:08:56Z
23-06-11T15:02:56Z,23-06-11T15:19:56Z
23-06-13T00:43:56Z,23-06-13T02:34:56Z
23-06-13T05:07:56Z,23-06-13T06:17:56Z
23-06-14T18:18:56Z,23-06-14T18:42:56Z
23-06-14T21:38:56Z,23-06-14T22:03:56Z
23-06-15T01:23:56Z,23-06-15T02:49:56Z
23-06-15T13:42:56Z,23-06-15T14:45:56Z
23-06-15T16:11:56Z,23-06-15T16:34:56Z
23-06-16T09:02:56Z,23-06-16T10:14:56Z
23-06-20T00:49:56Z,23-06-20T04:27:56Z
23-06-21T22:54:56Z,23-06-21T23:56:56Z
23-06-22T23:30:56Z,23-06-23T01:40:56Z
23-06-23T19:36:56Z,23-06-23T19:48:56Z
23-06-23T20:43:56Z,23-06-23T21:08:56Z
23-06-24T00:17:56Z,23-06-24T01:59:56Z
23-06-24T03:44:56Z,23-06-24T04:44:56Z
23-06-25T21:07:56Z,23-06-25T21:54:56Z
23-07-02T00:26:56Z,23-07-02T01:17:56Z
23-07-02T05:17:56Z,23-07-02T06:07:56Z
23-07-05T23:25:56Z,23-07-06T01:12:56Z
23-07-07T19:15:56Z,23-07-07T19:51:56Z
23-07-11T02:22:56Z,23-07-11T03:22:56Z
23-07-11T13:03:56Z,23-07-11T13:19:56Z
23-07-11T17:08:56Z,23-07-11T17:38:56Z
23-07-11T23:18:56Z,23-07-12T01:29:56Z
23-07-12T22:11:56Z,23-07-13T01:07:56Z
23-07-14T16:32:56Z,23-07-14T17:03:56Z
23-07-16T16:50:56Z,23-07-16T17:00:56Z
23-07-17T08:11:56Z,23-07-17T08:26:56Z
23-07-18T22:02:56Z,23-07-18T22:50:56Z
23-07-19T02:38:56Z,23-07-19T03:37:56Z
23-07-20T16:48:56Z,23-07-20T17:08:56Z
23-07-20T21:07:56Z,23-07-20T21:23:56Z
23-07-21T08:34:56Z,23-07-21T09:58:56Z
23-07-24T23:54:56Z,23-07-25T02:58:56Z
23-07-26T11:27:56Z,23-07-26T12:45:56Z
23-07-26T15:51:56Z,23-07-26T18:19:56Z
23-07-28T10:17:56Z,23-07-28T10:27:56Z
23-07-28T18:43:56Z,23-07-28T19:10:56Z
23-07-30T22:05:56Z,23-07-30T22:49:56Z
23-08-01T09:30:56Z,23-08-01T09:54:56Z
23-08-01T11:11:56Z,23-08-01T11:33:56Z
23-08-01T13:26:56Z,23-08-01T13:42:56Z
23-08-01T17:37:56Z,23-08-01T17:59:56Z
23-08-02T00:18:56Z,23-08-02T01:27:56Z
23-08-02T05:25:56Z,23-08-02T05:48:56Z
23-08-02T06:13:56Z,23-08-02T06:40:56Z
23-08-02T23:03:56Z,23-08-03T02:03:56Z
23-08-04T11:35:56Z,23-08-04T12:18:56Z
23-08-05T07:24:56Z,23-08-05T08:00:56Z
23-08-05T09:31:56Z,23-08-05T10:05:56Z
23-08-05T16:12:56Z,23-08-05T17:36:56Z
23-08-05T23:01:56Z,23-08-05T23:36:56Z
23-08-08T15:49:56Z,23-08-08T16:22:56Z
23-08-09T13:59:56Z,23-08-09T14:43:56Z
23-08-09T15:37:56Z,23-08-09T16:03:56Z
23-08-09T18:40:56Z,23-08-09T19:05:56Z
23-08-09T21:20:56Z,23-08-09T21:44:56Z
23-08-09T22:14:56Z,23-08-09T23:27:56Z
23-08-10T01:54:56Z,23-08-10T02:04:56Z
23-08-11T07:44:56Z,23-08-11T08:30:56Z
23-08-13T22:59:56Z,23-08-13T23:30:56Z
23-08-15T01:21:56Z,23-08-15T03:26:56Z
23-08-15T13:22:56Z,23-08-15T14:22:56Z
23-08-15T18:19:56Z,23-08-15T19:32:56Z
23-08-17T14:16:56Z,23-08-17T14:58:56Z
23-08-17T15:46:56Z,23-08-17T16:26:56Z
23-08-17T17:06:56Z,23-08-17T17:32:56Z
23-08-17T19:18:56Z,23-08-17T21:49:56Z
23-08-18T11:15:56Z,23-08-18T11:31:56Z
23-08-21T20:38:56Z,23-08-21T21:05:56Z
23-08-22T10:46:56Z,23-08-22T11:19:56Z
23-08-23T14:50:56Z,23-08-23T16:03:56Z
23-08-24T13:22:56Z,23-08-24T14:20:56Z
23-08-25T15:01:56Z,23-08-25T15:33:56Z
23-08-25T15:57:56Z,23-08-25T16:39:56Z
23-08-25T18:17:56Z,23-08-25T18:31:56Z
23-08-25T19:36:56Z,23-08-25T19:47:56Z
23-08-25T20:18:56Z,23-08-25T20:50:56Z
23-08-25T21:22:56Z,23-08-25T21:44:56Z
23-08-25T22:35:56Z,23-08-25T22:58:56Z
23-08-27T01:29:56Z,23-08-27T04:21:56Z
23-08-28T02:26:56Z,23-08-28T02:50:56Z
23-08-30T00:12:56Z,23-08-30T00:13:56Z
23-08-30T00:36:56Z,23-08-30T03:37:56Z
23-09-01T02:30:56Z,23-09-01T03:25:56Z
23-09-04T11:28:56Z,23-09-04T12:10:56Z
23-09-06T02:39:56Z,23-09-06T04:33:56Z
23-09-07T18:00:56Z,23-09-07T18:54:56Z
23-09-08T06:52:56Z,23-09-08T07:12:56Z
23-09-09T23:12:56Z,23-09-10T01:05:56Z
23-09-16T09:15:56Z,23-09-16T09:48:56Z
23-09-17T02:38:56Z,23-09-17T04:48:56Z
23-09-18T01:52:56Z,23-09-18T03:55:56Z
23-09-18T12:52:56Z,23-09-18T13:23:56Z
23-09-20T00:08:56Z,23-09-20T02:01:56Z
23-09-21T02:22:56Z,23-09-21T04:37:56Z
23-09-21T05:12:56Z,23-09-21T06:00:56Z
23-09-24T22:11:56Z,23-09-24T23:06:56Z
23-09-26T12:20:56Z,23-09-26T12:50:56Z
23-09-26T17:30:56Z,23-09-26T17:50:56Z
23-09-29T16:37:56Z,23-09-29T17:41:56Z
23-10-02T02:01:56Z,23-10-02T02:42:56Z
23-10-17T14:09:56Z,23-10-17T15:19:56Z
23-10-22T20:09:56Z,23-10-22T20:58:56Z
23-10-28T08:50:56Z,23-10-28T10:52:56Z
23-10-31T19:45:56Z,23-10-31T20:18:56Z
23-10-31T21:22:56Z,23-10-31T21:41:56Z
23-11-04T10:34:56Z,23-11-04T13:05:56Z
23-11-06T13:01:56Z,23-11-06T14:28:56Z
23-11-08T12:22:56Z,23-11-08T13:01:56Z
23-11-10T08:26:56Z,23-11-10T12:03:56Z
23-11-10T20:32:56Z,23-11-10T21:42:56Z
23-11-11T05:59:56Z,23-11-11T07:09:56Z
23-11-11T10:01:56Z,23-11-11T13:28:56Z
23-11-13T10:42:56Z,23-11-13T10:53:56Z
23-11-14T12:34:56Z,23-11-14T15:18:56Z
23-11-14T22:04:56Z,23-11-14T22:18:56Z
23-11-15T10:02:56Z,23-11-15T12:13:56Z
23-11-16T06:06:56Z,23-11-16T06:17:56Z
23-11-17T22:14:56Z,23-11-17T23:18:56Z
23-11-18T02:07:56Z,23-11-18T02:57:56Z
23-11-18T20:43:56Z,23-11-18T21:27:56Z
23-11-18T21:32:56Z,23-11-18T23:58:56Z
23-11-25T00:34:56Z,23-11-25T06:42:56Z
23-11-25T12:36:56Z,23-11-25T13:10:56Z
23-11-25T22:00:56Z,23-11-26T01:17:56Z
23-11-27T10:19:56Z,23-11-27T12:01:56Z
23-11-28T11:38:56Z,23-11-28T12:24:56Z
23-11-28T19:34:56Z,23-11-28T19:58:56Z
23-11-29T19:59:56Z,23-11-29T20:07:56Z
23-12-01T05:01:56Z,23-12-01T05:46:56Z
23-12-01T08:57:56Z,23-12-01T10:23:56Z
23-12-02T10:04:56Z,23-12-02T11:45:56Z
23-12-03T10:59:56Z,23-12-03T12:34:56Z
23-12-03T12:44:56Z,23-12-03T12:57:56Z
23-12-06T10:48:56Z,23-12-06T12:37:56Z
23-12-07T10:38:56Z,23-12-07T11:44:56Z
23-12-08T04:44:56Z,23-12-08T06:28:56Z
23-12-10T08:13:56Z,23-12-10T09:21:56Z
23-12-11T02:12:56Z,23-12-11T02:58:56Z
23-12-13T00:57:56Z,23-12-13T01:34:56Z
23-12-14T06:36:56Z,23-12-14T07:03:56Z
23-12-14T09:03:56Z,23-12-14T10:38:56Z
23-12-14T12:05:56Z,23-12-14T12:55:56Z
23-12-14T13:32:56Z,23-12-14T14:11:56Z
23-12-14T15:26:56Z,23-12-14T16:32:56Z
23-12-15T21:27:56Z,23-12-16T01:43:56Z
23-12-16T18:02:56Z,23-12-16T18:19:56Z
23-12-19T20:53:56Z,23-12-19T22:25:56Z
23-12-20T13:33:56Z,23-12-20T13:57:56Z
23-12-20T18:20:56Z,23-12-20T19:02:56Z
23-12-21T21:02:56Z,23-12-21T23:01:56Z
23-12-22T11:44:56Z,23-12-22T12:40:56Z
23-12-25T08:28:56Z,23-12-25T10:33:56Z
23-12-26T03:15:56Z,23-12-26T03:32:56Z
23-12-26T07:46:56Z,23-12-26T08:06:56Z
23-12-26T09:13:56Z,23-12-26T10:49:56Z
23-12-27T09:51:56Z,23-12-27T10:07:56Z
23-12-28T07:17:56Z,23-12-28T07:34:56Z
23-12-28T22:12:56Z,23-12-28T23:32:56Z
23-12-29T02:48:56Z,23-12-29T03:26:56Z
23-12-29T04:44:56Z,23-12-29T07:26:56Z
23-12-29T12:42:56Z,23-12-29T13:46:56Z
23-12-30T08:27:56Z,23-12-30T09:53:56Z
23-12-31T08:39:56Z,23-12-31T09:45:56Z
23-12-31T11:21:56Z,23-12-31T12:10:56Z
23-12-31T17:26:56Z,23-12-31T19:27:56Z
24-01-01T09:16:56Z,24-01-01T11:50:56Z
24-01-01T12:52:56Z,24-01-01T13:32:56Z
24-01-01T13:46:56Z,24-01-01T15:20:56Z
24-01-02T00:20:56Z,24-01-02T01:53:56Z
24-01-02T03:50:56Z,24-01-02T07:44:56Z
24-01-02T16:31:56Z,24-01-02T17:08:56Z
24-01-06T07:20:56Z,24-01-06T09:28:56Z
24-01-07T07:50:56Z,24-01-07T09:00:56Z
24-01-07T10:16:56Z,24-01-07T10:43:56Z
24-01-08T04:07:56Z,24-01-08T06:20:56Z
24-01-10T05:55:56Z,24-01-10T06:46:56Z
24-01-11T11:27:56Z,24-01-11T12:43:56Z
24-01-12T17:22:56Z,24-01-12T17:59:56Z
24-01-12T21:21:56Z,24-01-12T21:57:56Z
24-01-13T04:17:56Z,24-01-13T06:08:56Z
24-01-13T09:48:56Z,24-01-13T11:09:56Z
24-01-14T04:24:56Z,24-01-14T04:49:56Z
24-01-14T10:26:56Z,24-01-14T10:53:56Z
24-01-16T08:33:56Z,24-01-16T09:53:56Z
24-01-17T08:25:56Z,24-01-17T10:05:56Z
24-01-18T06:44:56Z,24-01-18T07:09:56Z
24-01-18T09:40:56Z,24-01-18T11:14:56Z
24-01-20T10:12:56Z,24-01-20T10:43:56Z
24-01-22T10:05:56Z,24-01-22T11:23:56Z
24-01-22T12:55:56Z,24-01-22T13:29:56Z
24-01-23T03:40:56Z,24-01-23T06:11:56Z
24-01-23T11:20:56Z,24-01-23T11:58:56Z
24-01-23T12:44:56Z,24-01-23T15:38:56Z
24-01-24T09:38:56Z,24-01-24T11:54:56Z
24-01-26T11:23:56Z,24-01-26T12:21:56Z
24-01-27T17:56:56Z,24-01-27T18:30:56Z
24-01-28T17:55:56Z,24-01-28T18:29:56Z
24-01-30T10:12:56Z,24-01-30T10:38:56Z
24-01-31T10:03:56Z,24-01-31T10:36:56Z
24-01-31T13:10:56Z,24-01-31T14:36:56Z
24-02-03T09:36:56Z,24-02-03T10:12:56Z
24-02-03T10:51:56Z,24-02-03T11:11:56Z
24-02-07T03:51:56Z,24-02-07T06:46:56Z
24-02-09T09:18:56Z,24-02-09T10:56:56Z
24-02-10T23:51:56Z,24-02-11T01:51:56Z
24-02-14T11:15:56Z,24-02-14T11:49:56Z
24-02-15T02:44:56Z,24-02-15T04:59:56Z
24-02-15T08:51:56Z,24-02-15T10:01:56Z
24-02-16T12:55:56Z,24-02-16T13:35:56Z
24-02-17T09:57:56Z,24-02-17T10:27:56Z
24-02-19T10:00:56Z,24-02-19T11:25:56Z
24-02-20T04:44:56Z,24-02-20T05:03:56Z
24-02-21T10:08:56Z,24-02-21T11:18:56Z
24-02-23T19:43:56Z,24-02-23T21:27:56Z
24-02-26T10:36:56Z,24-02-26T11:23:56Z
24-02-28T19:33:56Z,24-02-28T19:54:56Z
24-03-03T17:28:56Z,24-03-03T17:39:56Z
24-03-06T06:39:56Z,24-03-06T07:03:56Z
24-03-07T15:51:56Z,24-03-07T16:12:56Z
24-03-08T19:52:56Z,24-03-08T20:13:56Z
24-03-09T23:22:56Z,24-03-09T23:52:56Z
24-03-11T16:51:56Z,24-03-11T17:08:56Z
24-03-11T22:25:56Z,24-03-11T22:38:56Z
24-03-12T08:15:56Z,24-03-12T09:28:56Z
24-03-12T09:52:56Z,24-03-12T10:09:56Z
24-03-14T03:18:56Z,24-03-14T03:41:56Z
24-03-14T06:26:56Z,24-03-14T07:06:56Z
24-03-14T10:36:56Z,24-03-14T11:24:56Z
24-03-14T23:55:56Z,24-03-15T00:48:56Z
24-03-15T04:04:56Z,24-03-15T04:13:56Z
24-03-15T11:39:56Z,24-03-15T12:13:56Z
24-03-17T18:09:56Z,24-03-17T18:43:56Z
24-03-18T13:56:56Z,24-03-18T14:09:56Z
24-03-19T14:04:56Z,24-03-19T14:50:56Z
24-03-20T10:17:56Z,24-03-20T10:43:56Z
24-03-21T01:18:56Z,24-03-21T04:07:56Z
24-03-21T10:58:56Z,24-03-21T11:07:56Z
24-03-22T02:25:56Z,24-03-22T04:56:56Z
24-03-24T01:38:56Z,24-03-24T03:57:56Z
24-03-24T07:23:56Z,24-03-24T07:55:56Z
24-03-25T08:26:56Z,24-03-25T09:00:56Z
24-03-25T15:20:56Z,24-03-25T16:09:56Z
24-03-26T18:14:56Z,24-03-26T18:34:56Z
24-03-27T20:07:56Z,24-03-27T20:44:56Z
24-03-28T10:05:56Z,24-03-28T11:07:56Z
24-03-28T15:59:56Z,24-03-28T16:31:56Z
24-03-29T00:01:56Z,24-03-29T00:35:56Z
24-03-29T01:48:56Z,24-03-29T04:04:56Z
24-03-30T09:16:56Z,24-03-30T09:32:56Z
24-03-30T17:08:56Z,24-03-30T17:29:56Z
24-03-30T21:16:56Z,24-03-30T21:30:56Z
24-03-31T02:29:56Z,24-03-31T02:33:56Z
24-03-31T02:35:56Z,24-03-31T04:34:56Z
24-03-31T14:29:56Z,24-03-31T14:53:56Z
24-03-31T15:47:56Z,24-03-31T16:13:56Z
24-04-04T17:31:56Z,24-04-04T18:00:56Z
24-04-05T14:29:56Z,24-04-05T15:58:56Z
24-04-06T02:06:56Z,24-04-06T04:13:56Z
24-04-08T11:19:56Z,24-04-08T12:02:56Z
24-04-11T02:12:56Z,24-04-11T04:46:56Z
24-04-12T17:31:56Z,24-04-12T17:51:56Z
24-04-13T14:28:56Z,24-04-13T14:54:56Z
24-04-16T14:30:56Z,24-04-16T14:47:56Z
24-04-16T16:22:56Z,24-04-16T16:53:56Z
24-04-17T06:45:56Z,24-04-17T07:25:56Z
24-04-18T08:36:56Z,24-04-18T09:06:56Z
24-04-19T02:37:56Z,24-04-19T04:11:56Z
24-04-19T19:47:56Z,24-04-19T20:29:56Z
24-04-19T20:31:56Z,24-04-19T20:43:56Z
24-04-20T08:24:56Z,24-04-20T09:06:56Z
24-04-20T11:14:56Z,24-04-20T11:42:56Z
24-04-22T20:14:56Z,24-04-22T20:43:56Z
24-04-23T01:30:56Z,24-04-23T02:00:56Z
24-04-23T10:45:56Z,24-04-23T11:11:56Z
24-04-25T08:25:56Z,24-04-25T08:51:56Z
24-04-25T10:57:56Z,24-04-25T11:19:56Z
24-04-25T11:49:56Z,24-04-25T12:21:56Z
24-04-25T14:41:56Z,24-04-25T15:13:56Z
24-04-26T20:53:56Z,24-04-26T21:56:56Z
24-04-27T01:41:56Z,24-04-27T03:58:56Z
24-05-03T13:03:56Z,24-05-03T13:30:56Z
24-05-03T16:31:56Z,24-05-03T17:04:56Z
24-05-03T18:32:56Z,24-05-03T18:50:56Z
24-05-03T19:40:56Z,24-05-03T20:31:56Z
24-05-04T13:28:56Z,24-05-04T13:36:56Z
24-05-08T00:44:56Z,24-05-08T04:00:56Z
24-05-08T04:22:56Z,24-05-08T04:51:56Z
24-05-09T12:17:56Z,24-05-09T13:10:56Z
24-05-10T11:01:56Z,24-05-10T11:35:56Z
24-05-11T08:31:56Z,24-05-11T09:30:56Z
24-05-12T07:43:56Z,24-05-12T08:11:56Z
24-05-13T10:49:56Z,24-05-13T11:21:56Z
24-05-13T12:44:56Z,24-05-13T13:31:56Z
24-05-13T14:40:56Z,24-05-13T15:06:56Z
24-05-16T06:13:56Z,24-05-16T06:42:56Z
24-05-17T08:26:56Z,24-05-17T08:39:56Z
24-05-19T09:11:56Z,24-05-19T09:54:56Z
24-05-20T07:54:56Z,24-05-20T08:28:56Z
24-05-20T16:10:56Z,24-05-20T16:45:56Z
24-05-20T18:33:56Z,24-05-20T19:07:56Z
24-05-22T07:28:56Z,24-05-22T07:48:56Z
24-05-22T17:38:56Z,24-05-22T18:22:56Z
24-05-22T22:22:56Z,24-05-22T22:42:56Z
24-05-24T06:54:56Z,24-05-24T07:10:56Z
24-05-24T11:22:56Z,24-05-24T11:45:56Z
24-05-24T18:15:56Z,24-05-24T18:42:56Z
24-05-24T20:25:56Z,24-05-24T20:58:56Z
24-05-25T11:53:56Z,24-05-25T12:09:56Z
24-05-25T17:10:56Z,24-05-25T17:23:56Z
24-05-26T00:44:56Z,24-05-26T03:18:56Z
24-05-26T07:12:56Z,24-05-26T07:44:56Z
24-05-26T08:20:56Z,24-05-26T08:44:56Z
24-05-28T18:13:56Z,24-05-28T18:27:56Z
24-05-29T15:30:56Z,24-05-29T15:58:56Z
24-05-30T01:26:56Z,24-05-30T03:44:56Z
24-05-31T01:16:56Z,24-05-31T01:33:56Z
24-05-31T02:47:56Z,24-05-31T03:12:56Z
24-06-01T00:41:56Z,24-06-01T03:22:56Z
24-06-01T06:36:56Z,24-06-01T06:57:56Z
24-06-04T19:43:56Z,24-06-04T20:12:56Z
24-06-05T05:10:56Z,24-06-05T05:41:56Z
24-06-05T11:17:56Z,24-06-05T11:34:56Z
24-06-05T13:32:56Z,24-06-05T14:06:56Z
24-06-07T00:35:56Z,24-06-07T02:53:56Z
24-06-10T16:41:56Z,24-06-10T17:00:56Z
24-06-12T00:52:56Z,24-06-12T02:42:56Z
24-06-12T04:11:56Z,24-06-12T04:43:56Z
24-06-12T06:49:56Z,24-06-12T07:24:56Z
24-06-14T00:57:56Z,24-06-14T02:39:56Z
24-06-14T03:58:56Z,24-06-14T04:43:56Z
24-06-14T08:11:56Z,24-06-14T08:38:56Z
24-06-14T11:59:56Z,24-06-14T12:42:56Z
24-06-14T12:46:56Z,24-06-14T13:07:56Z
24-06-15T00:08:56Z,24-06-15T01:15:56Z
24-06-15T07:18:56Z,24-06-15T07:35:56Z
24-06-19T15:11:56Z,24-06-19T15:47:56Z
24-06-19T23:48:56Z,24-06-20T02:22:56Z
24-06-20T11:44:56Z,24-06-20T12:16:56Z
24-06-21T11:54:56Z,24-06-21T12:21:56Z
24-06-21T18:15:56Z,24-06-21T18:32:56Z
24-06-21T21:35:56Z,24-06-21T22:01:56Z
24-06-22T00:43:56Z,24-06-22T03:01:56Z
24-06-23T02:49:56Z,24-06-23T03:36:56Z
24-06-24T18:10:56Z,24-06-24T18:49:56Z
24-06-24T19:42:56Z,24-06-24T20:05:56Z
24-06-24T20:16:56Z,24-06-24T20:31:56Z
24-06-25T15:19:56Z,24-06-25T16:04:56Z
24-06-25T20:20:56Z,24-06-25T20:50:56Z
24-06-27T00:32:56Z,24-06-27T01:37:56Z
24-06-29T07:52:56Z,24-06-29T08:27:56Z
24-06-29T17:23:56Z,24-06-29T17:39:56Z
24-06-30T17:14:56Z,24-06-30T17:49:56Z
24-06-30T19:14:56Z,24-06-30T19:21:56Z
24-07-01T09:35:56Z,24-07-01T09:53:56Z
24-07-01T11:47:56Z,24-07-01T11:59:56Z
24-07-01T13:28:56Z,24-07-01T14:15:56Z
24-07-01T14:25:56Z,24-07-01T15:15:56Z
24-07-01T21:06:56Z,24-07-01T21:27:56Z
24-07-02T01:26:56Z,24-07-02T01:53:56Z
24-07-02T14:26:56Z,24-07-02T15:05:56Z
24-07-04T02:09:56Z,24-07-04T02:47:56Z
24-07-04T21:37:56Z,24-07-04T22:04:56Z
24-07-04T23:26:56Z,24-07-05T00:15:56Z
24-07-06T05:19:56Z,24-07-06T05:43:56Z
24-07-07T23:58:56Z,24-07-08T01:46:56Z
24-07-08T05:15:56Z,24-07-08T05:38:56Z
24-07-08T07:49:56Z,24-07-08T09:31:56Z
24-07-08T10:54:56Z,24-07-08T11:10:56Z
24-07-08T11:18:56Z,24-07-08T12:03:56Z
24-07-08T19:05:56Z,24-07-08T19:33:56Z
24-07-09T15:54:56Z,24-07-09T16:09:56Z
24-07-10T18:52:56Z,24-07-10T19:22:56Z
24-07-11T13:26:56Z,24-07-11T13:56:56Z
24-07-11T15:24:56Z,24-07-11T15:39:56Z
24-07-11T18:16:56Z,24-07-11T19:23:56Z
24-07-11T20:46:56Z,24-07-11T21:13:56Z
24-07-12T19:20:56Z,24-07-12T19:40:56Z
24-07-13T09:14:56Z,24-07-13T09:53:56Z
24-07-14T13:00:56Z,24-07-14T13:08:56Z
24-07-15T06:13:56Z,24-07-15T06:38:56Z
24-07-15T20:15:56Z,24-07-15T20:28:56Z
24-07-16T00:20:56Z,24-07-16T00:52:56Z
24-07-16T09:58:56Z,24-07-16T10:48:56Z
24-07-17T19:25:56Z,24-07-17T19:51:56Z
24-07-17T20:38:56Z,24-07-17T21:03:56Z
24-07-17T21:05:56Z,24-07-17T21:25:56Z
24-07-21T00:43:56Z,24-07-21T02:25:56Z
24-07-22T07:26:56Z,24-07-22T07:47:56Z
24-07-22T21:52:56Z,24-07-22T22:18:56Z
24-07-24T10:28:56Z,24-07-24T11:07:56Z
24-07-25T00:37:56Z,24-07-25T02:18:56Z
24-07-25T04:40:56Z,24-07-25T04:45:56Z
24-07-25T22:06:56Z,24-07-25T22:24:56Z
24-07-26T00:23:56Z,24-07-26T01:08:56Z
24-07-30T18:02:56Z,24-07-30T18:20:56Z
24-07-30T20:52:56Z,24-07-31T04:07:56Z
24-07-31T04:30:56Z,24-07-31T05:48:56Z
24-07-31T10:19:56Z,24-07-31T10:37:56Z
24-07-31T22:09:56Z,24-07-31T22:30:56Z
24-08-01T01:21:56Z,24-08-01T01:36:56Z
24-08-01T01:38:56Z,24-08-01T01:59:56Z
24-08-01T19:02:56Z,24-08-01T19:12:56Z
24-08-02T08:43:56Z,24-08-02T09:09:56Z
24-08-03T01:41:56Z,24-08-03T02:14:56Z
24-08-05T16:10:56Z,24-08-05T16:24:56Z
24-08-05T20:55:56Z,24-08-05T22:30:56Z
24-08-06T21:12:56Z,24-08-06T21:20:56Z
24-08-07T07:39:56Z,24-08-07T08:08:56Z
24-08-08T04:18:56Z,24-08-08T04:59:56Z
24-08-09T01:21:56Z,24-08-09T01:32:56Z
24-08-10T17:56:56Z,24-08-10T18:14:56Z
24-08-10T22:24:56Z,24-08-11T00:27:56Z
24-08-11T00:55:56Z,24-08-11T03:17:56Z
24-08-11T17:20:56Z,24-08-11T17:44:56Z
24-08-12T16:24:56Z,24-08-12T16:48:56Z
24-08-12T22:56:56Z,24-08-12T23:23:56Z
24-08-13T01:06:56Z,24-08-13T01:26:56Z
24-08-13T02:35:56Z,24-08-13T02:52:56Z
24-08-13T05:17:56Z,24-08-13T05:43:56Z
24-08-13T22:17:56Z,24-08-13T23:29:56Z
24-08-14T17:39:56Z,24-08-14T17:49:56Z
24-08-14T18:39:56Z,24-08-14T19:04:56Z
24-08-14T21:59:56Z,24-08-14T22:21:56Z
24-08-15T04:58:56Z,24-08-15T05:10:56Z
24-08-15T11:42:56Z,24-08-15T12:05:56Z
24-08-15T17:29:56Z,24-08-15T17:43:56Z
24-08-15T22:03:56Z,24-08-15T22:48:56Z
24-08-16T08:36:56Z,24-08-16T09:06:56Z
24-08-16T10:00:56Z,24-08-16T10:07:56Z
24-08-16T16:50:56Z,24-08-16T17:18:56Z
24-08-16T20:49:56Z,24-08-16T20:58:56Z
24-08-17T05:01:56Z,24-08-17T05:22:56Z
24-08-17T10:56:56Z,24-08-17T11:25:56Z
24-08-18T02:56:56Z,24-08-18T03:35:56Z
24-08-18T04:48:56Z,24-08-18T05:39:56Z
24-08-18T21:42:56Z,24-08-18T21:57:56Z
24-08-19T00:38:56Z,24-08-19T00:53:56Z
24-08-19T21:12:56Z,24-08-19T21:41:56Z
24-08-20T03:44:56Z,24-08-20T04:10:56Z
24-08-20T21:02:56Z,24-08-20T21:10:56Z
24-08-21T02:12:56Z,24-08-21T02:27:56Z
24-08-21T03:07:56Z,24-08-21T03:15:56Z
24-08-21T04:45:56Z,24-08-21T05:11:56Z
24-08-21T07:42:56Z,24-08-21T08:20:56Z
24-08-22T22:36:56Z,24-08-22T23:16:56Z
24-08-24T15:46:56Z,24-08-24T16:06:56Z
24-08-24T19:08:56Z,24-08-24T19:25:56Z
24-08-26T01:05:56Z,24-08-26T01:29:56Z
24-08-26T03:54:56Z,24-08-26T11:40:56Z
24-08-26T12:17:56Z,24-08-26T12:39:56Z
24-08-26T22:03:56Z,24-08-26T22:44:56Z
24-08-26T23:04:56Z,24-08-27T00:30:56Z
24-08-27T01:13:56Z,24-08-27T03:56:56Z
24-08-27T04:41:56Z,24-08-27T05:07:56Z
24-08-28T19:21:56Z,24-08-28T19:39:56Z
24-08-28T23:56:56Z,24-08-29T05:17:56Z
24-08-29T05:52:56Z,24-08-29T06:22:56Z
24-08-30T22:11:56Z,24-08-30T22:39:56Z
24-08-30T22:42:56Z,24-08-30T23:23:56Z
24-08-31T00:34:56Z,24-08-31T02:20:56Z
24-08-31T05:28:56Z,24-08-31T06:10:56Z
24-09-02T02:37:56Z,24-09-02T04:24:56Z
24-09-02T23:07:56Z,24-09-02T23:23:56Z
24-09-03T01:47:56Z,24-09-03T02:19:56Z
24-09-04T00:38:56Z,24-09-04T05:02:56Z
24-09-04T21:26:56Z,24-09-05T06:35:56Z
24-09-05T10:12:56Z,24-09-05T10:43:56Z
24-09-05T21:08:56Z,24-09-05T21:28:56Z
24-09-05T21:34:56Z,24-09-05T21:42:56Z
24-09-07T00:59:56Z,24-09-07T01:18:56Z
24-09-08T22:30:56Z,24-09-08T23:35:56Z
24-09-09T14:32:56Z,24-09-09T14:41:56Z
24-09-10T02:00:56Z,24-09-10T03:57:56Z
24-09-11T16:10:56Z,24-09-11T16:47:56Z
24-09-11T18:09:56Z,24-09-11T18:44:56Z
24-09-11T20:59:56Z,24-09-11T21:16:56Z
24-09-12T00:27:56Z,24-09-12T01:52:56Z
24-09-12T02:45:56Z,24-09-12T02:51:56Z
24-09-13T19:54:56Z,24-09-13T19:58:56Z
24-09-13T23:35:56Z,24-09-14T01:42:56Z
24-09-15T19:51:56Z,24-09-15T20:17:56Z
24-09-15T23:41:56Z,24-09-16T03:07:56Z
24-09-16T22:29:56Z,24-09-16T23:20:56Z
24-09-18T00:51:56Z,24-09-18T01:24:56Z
24-09-20T19:15:56Z,24-09-20T19:49:56Z
24-09-21T21:48:56Z,24-09-21T22:22:56Z
24-09-22T19:55:56Z,24-09-22T20:22:56Z
24-09-23T20:44:56Z,24-09-23T20:53:56Z
24-09-24T12:26:56Z,24-09-24T12:42:56Z
24-09-25T23:37:56Z,24-09-26T05:14:56Z
24-09-26T07:56:56Z,24-09-26T08:31:56Z
24-09-26T08:45:56Z,24-09-26T09:13:56Z
24-09-26T09:33:56Z,24-09-26T10:07:56Z
24-09-27T07:09:56Z,24-09-27T07:43:56Z
24-09-27T14:52:56Z,24-09-27T15:32:56Z
24-09-28T00:16:56Z,24-09-28T00:37:56Z
24-09-28T01:32:56Z,24-09-28T03:59:56Z
24-09-29T23:03:56Z,24-09-30T04:06:56Z
24-09-30T06:44:56Z,24-09-30T07:03:56Z
24-09-30T20:12:56Z,24-09-30T20:40:56Z
24-10-01T11:11:56Z,24-10-01T11:28:56Z
24-10-02T19:48:56Z,24-10-02T20:16:56Z
24-10-02T21:11:56Z,24-10-03T02:46:56Z
24-10-03T09:23:56Z,24-10-03T09:43:56Z
24-10-03T11:35:56Z,24-10-03T11:44:56Z
24-10-03T21:28:56Z,24-10-03T22:12:56Z
24-10-04T07:19:56Z,24-10-04T07:49:56Z
24-10-05T20:15:56Z,24-10-05T22:09:56Z
24-10-05T23:21:56Z,24-10-06T02:14:56Z
24-10-06T03:39:56Z,24-10-06T04:02:56Z
24-10-06T07:09:56Z,24-10-06T07:38:56Z
24-10-06T20:00:56Z,24-10-06T20:08:56Z
24-10-06T21:07:56Z,24-10-06T22:14:56Z
24-10-07T00:18:56Z,24-10-07T00:55:56Z
24-10-07T01:27:56Z,24-10-07T02:00:56Z
24-10-07T06:23:56Z,24-10-07T06:58:56Z
24-10-08T06:06:56Z,24-10-08T06:35:56Z
24-10-10T10:04:56Z,24-10-10T10:30:56Z
24-10-11T01:13:56Z,24-10-11T04:21:56Z
24-10-11T21:16:56Z,24-10-11T21:53:56Z
24-10-13T02:53:56Z,24-10-13T03:02:56Z
24-10-15T08:54:56Z,24-10-15T09:25:56Z
24-10-15T20:33:56Z,24-10-15T22:49:56Z
24-10-16T17:59:56Z,24-10-16T19:45:56Z
24-10-16T19:58:56Z,24-10-16T20:23:56Z
24-10-16T23:50:56Z,24-10-17T00:25:56Z
24-10-17T01:27:56Z,24-10-17T02:08:56Z
24-10-17T20:30:56Z,24-10-18T01:05:56Z
24-10-19T00:38:56Z,24-10-19T04:03:56Z
24-10-19T04:46:56Z,24-10-19T06:51:56Z
24-10-19T21:34:56Z,24-10-19T23:22:56Z
24-10-20T00:08:56Z,24-10-20T01:11:56Z
24-10-20T22:04:56Z,24-10-21T03:10:56Z
24-10-21T10:14:56Z,24-10-21T10:46:56Z
24-10-23T19:48:56Z,24-10-23T22:39:56Z
24-10-23T23:40:56Z,24-10-24T01:34:56Z
24-10-24T03:35:56Z,24-10-24T04:35:56Z
24-10-24T21:52:56Z,24-10-24T23:23:56Z
24-10-25T01:07:56Z,24-10-25T03:28:56Z
24-10-25T09:25:56Z,24-10-25T09:51:56Z
24-10-25T18:52:56Z,24-10-25T19:54:56Z
24-10-25T22:07:56Z,24-10-25T23:13:56Z
24-10-26T01:26:56Z,24-10-26T06:56:56Z
24-10-26T08:51:56Z,24-10-26T09:08:56Z
24-10-26T20:57:56Z,24-10-27T00:17:56Z
24-10-27T19:21:56Z,24-10-27T19:42:56Z
24-10-27T20:20:56Z,24-10-27T21:29:56Z
24-10-28T23:54:56Z,24-10-29T01:38:56Z
24-10-29T02:17:56Z,24-10-29T04:48:56Z
24-10-29T19:32:56Z,24-10-29T19:58:56Z
24-10-30T01:23:56Z,24-10-30T03:33:56Z
24-10-30T23:59:56Z,24-10-31T02:16:56Z
24-10-31T03:30:56Z,24-10-31T03:43:56Z
24-10-31T18:13:56Z,24-10-31T19:22:56Z
24-11-01T00:17:56Z,24-11-01T02:39:56Z
24-11-02T02:51:56Z,24-11-02T08:01:56Z
24-11-02T08:27:56Z,24-11-02T08:52:56Z
24-11-02T09:46:56Z,24-11-02T10:43:56Z
24-11-02T10:59:56Z,24-11-02T11:12:56Z
24-11-02T17:55:56Z,24-11-02T21:05:56Z
24-11-02T22:15:56Z,24-11-03T00:13:56Z
24-11-03T01:05:56Z,24-11-03T04:34:56Z
24-11-03T21:18:56Z,24-11-03T21:52:56Z
24-11-03T23:49:56Z,24-11-04T00:28:56Z
24-11-04T20:56:56Z,24-11-05T00:36:56Z
24-11-05T03:53:56Z,24-11-05T05:12:56Z
24-11-05T05:54:56Z,24-11-05T06:09:56Z
24-11-06T00:53:56Z,24-11-06T01:08:56Z
24-11-06T12:06:56Z,24-11-06T12:29:56Z
24-11-06T15:41:56Z,24-11-06T15:52:56Z
24-11-06T22:10:56Z,24-11-07T06:10:56Z
24-11-07T07:14:56Z,24-11-07T07:39:56Z
24-11-07T19:34:56Z,24-11-08T05:31:56Z
24-11-08T23:07:56Z,24-11-09T00:05:56Z
24-11-09T14:58:56Z,24-11-09T15:26:56Z
24-11-09T20:04:56Z,24-11-10T00:09:56Z
24-11-10T01:54:56Z,24-11-10T02:30:56Z
24-11-10T22:21:56Z,24-11-11T02:46:56Z
24-11-11T04:49:56Z,24-11-11T06:53:56Z
24-11-11T12:27:56Z,24-11-11T12:54:56Z
24-11-11T19:23:56Z,24-11-11T20:03:56Z
24-11-11T23:15:56Z,24-11-12T04:29:56Z
24-11-12T05:06:56Z,24-11-12T05:24:56Z
24-11-12T15:25:56Z,24-11-12T16:53:56Z
24-11-13T04:33:56Z,24-11-13T06:50:56Z
24-11-13T07:07:56Z,24-11-13T08:04:56Z
24-11-15T23:16:56Z,24-11-16T02:02:56Z
24-11-16T14:41:56Z,24-11-16T15:28:56Z
24-11-16T16:38:56Z,24-11-16T17:12:56Z
24-11-17T01:02:56Z,24-11-17T01:53:56Z
24-11-17T03:35:56Z,24-11-17T07:23:56Z
24-11-18T15:33:56Z,24-11-18T15:56:56Z
24-11-18T22:27:56Z,24-11-18T23:23:56Z
24-11-19T00:17:56Z,24-11-19T01:30:56Z
24-11-19T21:26:56Z,24-11-19T22:25:56Z
24-11-20T01:02:56Z,24-11-20T01:47:56Z
24-11-20T03:34:56Z,24-11-20T06:03:56Z
24-11-20T11:46:56Z,24-11-20T12:18:56Z
24-11-21T03:01:56Z,24-11-21T05:35:56Z
24-11-21T13:03:56Z,24-11-21T13:44:56Z
24-11-22T08:02:56Z,24-11-22T08:43:56Z
24-11-24T01:22:56Z,24-11-24T04:24:56Z
24-11-24T13:19:56Z,24-11-24T13:51:56Z
24-11-24T14:16:56Z,24-11-24T14:35:56Z
24-11-24T20:16:56Z,24-11-25T00:14:56Z
24-11-25T18:08:56Z,24-11-25T18:29:56Z
24-11-25T19:43:56Z,24-11-26T01:08:56Z
24-11-26T10:34:56Z,24-11-26T11:08:56Z
24-11-26T13:40:56Z,24-11-26T14:06:56Z
24-11-26T23:36:56Z,24-11-27T01:22:56Z
24-11-27T03:32:56Z,24-11-27T03:38:56Z
24-11-27T10:58:56Z,24-11-27T11:18:56Z
24-11-27T21:37:56Z,24-11-27T21:38:56Z
24-11-27T21:47:56Z,24-11-28T07:14:56Z
24-11-28T20:38:56Z,24-11-28T21:22:56Z
24-11-28T21:39:56Z,24-11-28T23:29:56Z
24-11-30T01:35:56Z,24-11-30T01:49:56Z
24-12-01T02:52:56Z,24-12-01T04:18:56Z
24-12-01T05:26:56Z,24-12-01T06:00:56Z
24-12-01T19:46:56Z,24-12-02T00:11:56Z
24-12-02T04:28:56Z,24-12-02T05:03:56Z
24-12-03T01:15:56Z,24-12-03T01:51:56Z
24-12-03T08:25:56Z,24-12-03T09:01:56Z
24-12-05T05:20:56Z,24-12-05T05:48:56Z
24-12-05T19:52:56Z,24-12-05T21:45:56Z
24-12-05T22:09:56Z,24-12-06T00:15:56Z
24-12-06T11:34:56Z,24-12-06T12:04:56Z
24-12-06T22:30:56Z,24-12-06T23:11:56Z
24-12-07T21:54:56Z,24-12-07T22:58:56Z
24-12-08T13:05:56Z,24-12-08T13:44:56Z
24-12-08T17:11:56Z,24-12-08T17:38:56Z
24-12-12T17:55:56Z,24-12-12T21:25:56Z
24-12-13T04:57:56Z,24-12-13T08:01:56Z
24-12-13T20:22:56Z,24-12-13T22:16:56Z
24-12-13T23:07:56Z,24-12-14T00:35:56Z
24-12-14T07:14:56Z,24-12-14T07:50:56Z
24-12-15T14:28:56Z,24-12-15T15:00:56Z
24-12-16T04:52:56Z,24-12-16T05:24:56Z
24-12-17T04:09:56Z,24-12-17T04:19:56Z
24-12-17T07:44:56Z,24-12-17T08:00:56Z
24-12-17T20:06:56Z,24-12-17T20:20:56Z
24-12-18T22:50:56Z,24-12-18T23:57:56Z
24-12-19T02:21:56Z,24-12-19T02:38:56Z
24-12-19T03:33:56Z,24-12-19T04:15:56Z
24-12-19T22:31:56Z,24-12-19T22:46:56Z
24-12-19T23:44:56Z,24-12-19T23:57:56Z
24-12-20T04:32:56Z,24-12-20T05:44:56Z
24-12-20T10:09:56Z,24-12-20T10:33:56Z
24-12-20T23:55:56Z,24-12-21T00:07:56Z
24-12-21T08:28:56Z,24-12-21T08:59:56Z
24-12-21T15:41:56Z,24-12-21T15:52:56Z
24-12-21T17:44:56Z,24-12-21T18:24:56Z
24-12-21T22:10:56Z,24-12-21T22:42:56Z
24-12-22T13:40:56Z,24-12-22T14:17:56Z
24-12-22T19:00:56Z,24-12-22T20:33:56Z
24-12-23T10:16:56Z,24-12-23T10:46:56Z
24-12-23T15:37:56Z,24-12-23T16:20:56Z
24-12-24T01:56:56Z,24-12-24T02:33:56Z
24-12-24T03:20:56Z,24-12-24T04:10:56Z
24-12-24T13:33:56Z,24-12-24T14:05:56Z
24-12-24T21:41:56Z,24-12-25T00:34:56Z
24-12-25T03:27:56Z,24-12-25T06:20:56Z
24-12-25T07:53:56Z,24-12-25T08:15:56Z
24-12-30T10:32:56Z,24-12-30T10:55:56Z
24-12-31T00:53:56Z,24-12-31T01:36:56Z
24-12-31T05:13:56Z,24-12-31T07:15:56Z
25-01-01T04:44:56Z,25-01-01T07:31:56Z
25-01-02T01:33:56Z,25-01-02T02:28:56Z
25-01-02T12:12:56Z,25-01-02T12:46:56Z
25-01-03T02:02:56Z,25-01-03T05:15:56Z
25-01-03T06:35:56Z,25-01-03T07:02:56Z
25-01-03T11:35:56Z,25-01-03T12:05:56Z
25-01-03T14:16:56Z,25-01-03T15:18:56Z
25-01-03T17:09:56Z,25-01-03T17:40:56Z
25-01-03T20:58:56Z,25-01-03T21:27:56Z
25-01-05T09:58:56Z,25-01-05T10:59:56Z
25-01-05T14:18:56Z,25-01-05T14:39:56Z
25-01-05T19:40:56Z,25-01-05T20:06:56Z
25-01-05T23:40:56Z,25-01-06T00:19:56Z
25-01-06T07:13:56Z,25-01-06T07:35:56Z
25-01-07T23:18:56Z,25-01-07T23:57:56Z
25-01-08T01:10:56Z,25-01-08T01:29:56Z
25-01-08T03:18:56Z,25-01-08T03:56:56Z
25-01-08T08:31:56Z,25-01-08T08:58:56Z
25-01-09T23:58:56Z,25-01-10T00:16:56Z
25-01-10T02:49:56Z,25-01-10T03:09:56Z
25-01-10T23:02:56Z,25-01-10T23:44:56Z
25-01-11T20:04:56Z,25-01-11T20:12:56Z
25-01-11T22:03:56Z,25-01-12T00:27:56Z
25-01-12T08:56:56Z,25-01-12T09:20:56Z
25-01-12T11:52:56Z,25-01-12T12:19:56Z
25-01-12T20:12:56Z,25-01-12T20:16:56Z
25-01-12T21:09:56Z,25-01-12T21:15:56Z
25-01-13T16:36:56Z,25-01-13T18:05:56Z
25-01-13T21:03:56Z,25-01-13T23:10:56Z
25-01-14T22:45:56Z,25-01-14T23:05:56Z
25-01-15T03:41:56Z,25-01-15T06:12:56Z
25-01-16T10:05:56Z,25-01-16T10:26:56Z
25-01-16T20:31:56Z,25-01-16T21:24:56Z
25-01-17T21:59:56Z,25-01-18T00:04:56Z
25-01-18T02:51:56Z,25-01-18T03:43:56Z
25-01-18T03:47:56Z,25-01-18T05:02:56Z
25-01-18T19:35:56Z,25-01-18T20:06:56Z
25-01-18T22:09:56Z,25-01-18T22:50:56Z
25-01-19T13:50:56Z,25-01-19T14:26:56Z
25-01-19T23:35:56Z,25-01-20T00:27:56Z
25-01-20T09:44:56Z,25-01-20T10:11:56Z
25-01-20T21:24:56Z,25-01-20T23:52:56Z
25-01-21T16:12:56Z,25-01-21T16:44:56Z
25-01-21T17:51:56Z,25-01-21T18:39:56Z
25-01-22T06:18:56Z,25-01-22T06:37:56Z
25-01-22T15:02:56Z,25-01-22T15:27:56Z
25-01-23T01:53:56Z,25-01-23T02:45:56Z
25-01-23T04:33:56Z,25-01-23T05:42:56Z
25-01-24T00:00:56Z,25-01-24T01:38:56Z
25-01-25T00:03:56Z,25-01-25T01:08:56Z
25-01-25T16:29:56Z,25-01-25T16:37:56Z
25-01-26T22:06:56Z,25-01-26T22:26:56Z
25-01-27T00:26:56Z,25-01-27T01:10:56Z
25-01-27T22:41:56Z,25-01-28T02:05:56Z
25-01-28T09:15:56Z,25-01-28T09:29:56Z
25-01-29T03:24:56Z,25-01-29T03:52:56Z
25-01-29T07:00:56Z,25-01-29T07:14:56Z
25-01-30T00:00:56Z,25-01-30T02:09:56Z
25-01-31T01:54:56Z,25-01-31T02:45:56Z
25-01-31T06:02:56Z,25-01-31T06:13:56Z
25-01-31T22:40:56Z,25-01-31T23:48:56Z
25-02-01T03:26:56Z,25-02-01T07:09:56Z
25-02-02T07:18:56Z,25-02-02T07:37:56Z
25-02-03T23:03:56Z,25-02-04T01:55:56Z
25-02-04T02:57:56Z,25-02-04T04:01:56Z
25-02-04T19:48:56Z,25-02-04T20:27:56Z
25-02-04T21:21:56Z,25-02-05T03:19:56Z
25-02-05T23:20:56Z,25-02-06T01:37:56Z
25-02-06T08:28:56Z,25-02-06T08:59:56Z
25-02-06T19:50:56Z,25-02-07T00:36:56Z
25-02-07T18:51:56Z,25-02-08T01:54:56Z
25-02-08T19:18:56Z,25-02-08T19:53:56Z
25-02-08T21:59:56Z,25-02-09T01:59:56Z
25-02-09T04:48:56Z,25-02-09T05:00:56Z
25-02-09T20:42:56Z,25-02-10T00:08:56Z
25-02-10T21:58:56Z,25-02-10T22:44:56Z
25-02-10T23:58:56Z,25-02-11T06:00:56Z
25-02-11T20:08:56Z,25-02-11T23:16:56Z
25-02-12T02:23:56Z,25-02-12T03:04:56Z
25-02-12T19:01:56Z,25-02-12T19:21:56Z
25-02-13T22:13:56Z,25-02-13T23:45:56Z
25-02-14T02:48:56Z,25-02-14T03:23:56Z
25-02-15T21:02:56Z,25-02-16T02:15:56Z
25-02-16T21:08:56Z,25-02-17T02:49:56Z
25-02-17T13:27:56Z,25-02-17T13:52:56Z
25-02-17T20:06:56Z,25-02-17T21:03:56Z
25-02-17T23:07:56Z,25-02-18T02:25:56Z
25-02-18T12:51:56Z,25-02-18T13:19:56Z
25-02-18T19:24:56Z,25-02-19T03:12:56Z
25-02-19T11:02:56Z,25-02-19T11:15:56Z
25-02-19T19:38:56Z,25-02-20T02:57:56Z
25-02-20T19:41:56Z,25-02-21T00:28:56Z
25-02-21T19:35:56Z,25-02-21T23:11:56Z
25-02-22T20:21:56Z,25-02-23T02:14:56Z
25-02-23T02:54:56Z,25-02-23T03:18:56Z
25-02-23T04:00:56Z,25-02-23T04:32:56Z
25-02-23T20:30:56Z,25-02-24T00:08:56Z
25-02-24T09:04:56Z,25-02-24T09:29:56Z
25-02-24T20:13:56Z,25-02-24T23:30:56Z
25-02-25T02:02:56Z,25-02-25T06:25:56Z
25-02-25T20:15:56Z,25-02-26T00:21:56Z
25-02-26T21:12:56Z,25-02-27T02:58:56Z
25-02-27T22:34:56Z,25-02-28T00:31:56Z
25-02-28T21:56:56Z,25-03-01T01:30:56Z
25-03-01T20:49:56Z,25-03-01T22:52:56Z
25-03-01T23:01:56Z,25-03-01T23:35:56Z
25-03-03T01:11:56Z,25-03-03T02:51:56Z
25-03-03T09:40:56Z,25-03-03T10:05:56Z
25-03-04T20:39:56Z,25-03-05T00:40:56Z
25-03-06T01:43:56Z,25-03-06T02:17:56Z
25-03-06T15:15:56Z,25-03-06T15:34:56Z
25-03-06T23:45:56Z,25-03-07T00:43:56Z
25-03-07T01:30:56Z,25-03-07T06:06:56Z
25-03-07T20:56:56Z,25-03-07T21:39:56Z
25-03-08T12:50:56Z,25-03-08T13:24:56Z
25-03-08T20:27:56Z,25-03-08T23:13:56Z
25-03-09T21:48:56Z,25-03-10T01:17:56Z
25-03-10T21:01:56Z,25-03-10T23:46:56Z
25-03-11T22:42:56Z,25-03-11T23:46:56Z
25-03-12T17:15:56Z,25-03-12T17:38:56Z
25-03-12T21:36:56Z,25-03-13T00:38:56Z
25-03-13T10:31:56Z,25-03-13T10:48:56Z
25-03-14T15:50:56Z,25-03-14T16:10:56Z
25-03-15T19:45:56Z,25-03-15T21:12:56Z
25-03-16T22:26:56Z,25-03-17T00:55:56Z
25-03-18T06:57:56Z,25-03-18T07:18:56Z
25-03-18T18:23:56Z,25-03-19T00:15:56Z
25-03-20T21:13:56Z,25-03-20T23:46:56Z
25-03-21T19:20:56Z,25-03-21T22:49:56Z
25-03-22T18:36:56Z,25-03-22T23:49:56Z
25-03-23T21:57:56Z,25-03-23T23:33:56Z
25-03-24T18:56:56Z,25-03-24T21:23:56Z
25-03-26T19:00:56Z,25-03-26T19:26:56Z
25-03-27T07:07:56Z,25-03-27T07:22:56Z
25-03-27T22:10:56Z,25-03-27T22:37:56Z
25-03-28T21:01:56Z,25-03-28T23:02:56Z
25-03-28T23:12:56Z,25-03-29T00:14:56Z
25-03-30T20:26:56Z,25-03-31T01:07:56Z
25-03-31T02:11:56Z,25-03-31T02:48:56Z
25-04-03T11:55:56Z,25-04-03T12:19:56Z
25-04-03T16:13:56Z,25-04-03T16:46:56Z
25-04-03T21:30:56Z,25-04-03T22:46:56Z
25-04-04T17:55:56Z,25-04-04T18:24:56Z
25-04-04T23:24:56Z,25-04-05T00:33:56Z
25-04-05T23:53:56Z,25-04-06T02:19:56Z
25-04-06T02:54:56Z,25-04-06T05:01:56Z
25-04-06T18:11:56Z,25-04-06T18:42:56Z
25-04-07T06:01:56Z,25-04-07T06:27:56Z
25-04-09T06:48:56Z,25-04-09T07:24:56Z
25-04-09T09:38:56Z,25-04-09T10:09:56Z
25-04-09T15:22:56Z,25-04-09T15:45:56Z
25-04-09T21:31:56Z,25-04-09T23:34:56Z
25-04-10T04:58:56Z,25-04-10T05:23:56Z
25-04-10T15:05:56Z,25-04-10T15:55:56Z
25-04-10T18:56:56Z,25-04-10T19:19:56Z
25-04-11T16:40:56Z,25-04-11T17:11:56Z
25-04-12T02:08:56Z,25-04-12T03:14:56Z
25-04-12T09:44:56Z,25-04-12T10:29:56Z
25-04-12T20:56:56Z,25-04-12T23:08:56Z
25-04-13T08:09:56Z,25-04-13T08:51:56Z
25-04-13T21:32:56Z,25-04-13T21:58:56Z
25-04-14T02:54:56Z,25-04-14T03:31:56Z
25-04-14T05:36:56Z,25-04-14T06:19:56Z
25-04-14T18:53:56Z,25-04-14T19:32:56Z
25-04-15T21:47:56Z,25-04-15T22:28:56Z
25-04-15T23:40:56Z,25-04-16T01:03:56Z
25-04-16T11:33:56Z,25-04-16T12:03:56Z
25-04-17T11:37:56Z,25-04-17T11:59:56Z
25-04-17T23:11:56Z,25-04-18T00:39:56Z
25-04-18T05:14:56Z,25-04-18T05:45:56Z
25-04-18T10:01:56Z,25-04-18T10:33:56Z
25-04-18T12:09:56Z,25-04-18T12:26:56Z
25-04-19T15:07:56Z,25-04-19T15:57:56Z
25-04-19T19:48:56Z,25-04-19T20:03:56Z
25-04-21T02:37:56Z,25-04-21T03:44:56Z
25-04-21T22:54:56Z,25-04-21T23:35:56Z
25-04-22T23:05:56Z,25-04-23T00:16:56Z
25-04-23T13:04:56Z,25-04-23T13:19:56Z
25-04-23T13:28:56Z,25-04-23T13:50:56Z
25-04-23T22:33:56Z,25-04-24T04:30:56Z
25-04-26T04:35:56Z,25-04-26T05:18:56Z
25-04-28T09:09:56Z,25-04-28T09:30:56Z
25-04-28T12:01:56Z,25-04-28T12:24:56Z
25-04-28T22:43:56Z,25-04-29T00:52:56Z
25-04-30T01:16:56Z,25-04-30T02:44:56Z
25-04-30T22:27:56Z,25-04-30T23:32:56Z
25-05-02T02:32:56Z,25-05-02T02:46:56Z
25-05-02T04:38:56Z,25-05-02T04:55:56Z
25-05-03T03:44:56Z,25-05-03T04:03:56Z
25-05-03T22:17:56Z,25-05-03T23:18:56Z
25-05-04T23:56:56Z,25-05-05T00:28:56Z
25-05-06T18:16:56Z,25-05-06T18:39:56Z
25-05-06T21:15:56Z,25-05-06T21:37:56Z
25-05-06T22:55:56Z,25-05-06T23:34:56Z
25-05-07T01:57:56Z,25-05-07T03:09:56Z
25-05-07T04:17:56Z,25-05-07T05:31:56Z
25-05-07T07:33:56Z,25-05-07T10:41:56Z
25-05-07T14:57:56Z,25-05-07T15:23:56Z
25-05-07T19:09:56Z,25-05-07T19:35:56Z
25-05-11T03:44:56Z,25-05-11T05:18:56Z
25-05-11T11:44:56Z,25-05-11T12:15:56Z
25-05-11T19:25:56Z,25-05-11T19:50:56Z
25-05-13T17:31:56Z,25-05-13T18:05:56Z
25-05-14T12:37:56Z,25-05-14T13:07:56Z
25-05-15T00:10:56Z,25-05-15T01:35:56Z
25-05-16T01:51:56Z,25-05-16T03:39:56Z
25-05-16T04:25:56Z,25-05-16T04:35:56Z
25-05-17T21:56:56Z,25-05-18T06:51:56Z
25-05-21T01:28:56Z,25-05-21T02:54:56Z
25-05-22T05:36:56Z,25-05-22T06:33:56Z
25-05-23T05:46:56Z,25-05-23T06:18:56Z
25-05-23T13:32:56Z,25-05-23T13:50:56Z
25-05-23T19:51:56Z,25-05-24T03:07:56Z
25-05-24T21:44:56Z,25-05-25T04:03:56Z
25-05-25T04:40:56Z,25-05-25T05:00:56Z
25-05-25T08:11:56Z,25-05-25T08:39:56Z
25-05-25T15:11:56Z,25-05-25T15:31:56Z
25-05-25T22:40:56Z,25-05-26T04:43:56Z
25-05-27T18:00:56Z,25-05-27T18:44:56Z
25-05-27T23:08:56Z,25-05-27T23:20:56Z
25-05-28T00:18:56Z,25-05-28T01:00:56Z
25-05-28T15:35:56Z,25-05-28T16:04:56Z
25-05-31T16:59:56Z,25-05-31T17:27:56Z
25-05-31T23:40:56Z,25-06-01T09:12:56Z
25-06-01T16:23:56Z,25-06-01T16:56:56Z
25-06-01T19:11:56Z,25-06-01T19:47:56Z
25-06-02T00:46:56Z,25-06-02T01:03:56Z
25-06-02T02:37:56Z,25-06-02T03:08:56Z
25-06-03T07:47:56Z,25-06-03T08:21:56Z
25-06-03T12:20:56Z,25-06-03T12:49:56Z
25-06-03T13:25:56Z,25-06-03T13:48:56Z
25-06-04T11:40:56Z,25-06-04T12:09:56Z
25-06-05T15:47:56Z,25-06-05T16:08:56Z
25-06-05T22:41:56Z,25-06-06T02:49:56Z
25-06-07T00:37:56Z,25-06-07T01:15:56Z
25-06-08T20:42:56Z,25-06-09T03:12:56Z
25-06-09T06:51:56Z,25-06-09T07:27:56Z
25-06-09T08:12:56Z,25-06-09T08:24:56Z
25-06-09T21:59:56Z,25-06-10T03:06:56Z
25-06-10T16:20:56Z,25-06-10T16:48:56Z
25-06-10T20:59:56Z,25-06-10T21:23:56Z
25-06-11T12:14:56Z,25-06-11T12:27:56Z
25-06-14T21:01:56Z,25-06-15T00:37:56Z
25-06-15T21:11:56Z,25-06-16T01:03:56Z
25-06-16T19:03:56Z,25-06-17T04:03:56Z
25-06-17T05:56:56Z,25-06-17T06:28:56Z
25-06-18T09:39:56Z,25-06-18T09:58:56Z
25-06-18T22:52:56Z,25-06-19T00:16:56Z
25-06-19T07:01:56Z,25-06-19T07:23:56Z
25-06-21T00:57:56Z,25-06-21T02:07:56Z
25-06-21T14:19:56Z,25-06-21T14:20:56Z
25-06-21T21:00:56Z,25-06-21T21:30:56Z
25-06-22T21:50:56Z,25-06-23T01:31:56Z
25-06-23T01:41:56Z,25-06-23T02:30:56Z
25-06-23T21:34:56Z,25-06-23T22:49:56Z
25-06-24T09:17:56Z,25-06-24T09:47:56Z
25-06-26T21:06:56Z,25-06-27T03:23:56Z
25-06-28T20:35:56Z,25-06-29T02:51:56Z
25-07-01T11:50:56Z,25-07-01T12:08:56Z
25-07-02T20:54:56Z,25-07-02T21:18:56Z
25-07-03T15:12:56Z,25-07-03T17:21:56Z
25-07-03T17:57:56Z,25-07-04T02:47:56Z
25-07-04T03:01:56Z,25-07-04T06:40:56Z
25-07-04T19:59:56Z,25-07-04T23:58:56Z
25-07-05T01:48:56Z,25-07-05T02:26:56Z
25-07-05T15:32:56Z,25-07-05T16:13:56Z
25-07-05T19:43:56Z,25-07-05T20:03:56Z
25-07-05T23:26:56Z,25-07-06T00:29:56Z
25-07-06T03:53:56Z,25-07-06T04:11:56Z
25-07-06T23:34:56Z,25-07-07T00:12:56Z
25-07-07T05:45:56Z,25-07-07T06:01:56Z
25-07-07T07:00:56Z,25-07-07T07:14:56Z
25-07-08T20:47:56Z,25-07-09T03:03:56Z
25-07-09T22:59:56Z,25-07-10T03:08:56Z
25-07-10T04:02:56Z,25-07-10T04:22:56Z
25-07-10T15:09:56Z,25-07-10T15:21:56Z
25-07-11T18:06:56Z,25-07-11T19:09:56Z
25-07-11T21:08:56Z,25-07-12T03:06:56Z
25-07-12T15:20:56Z,25-07-12T16:41:56Z
25-07-13T18:42:56Z,25-07-13T18:53:56Z
25-07-14T12:13:56Z,25-07-14T12:26:56Z
25-07-15T11:54:56Z,25-07-15T12:12:56Z
25-07-15T13:58:56Z,25-07-15T14:15:56Z
25-07-15T21:00:56Z,25-07-15T21:51:56Z
25-07-16T15:19:56Z,25-07-16T15:33:56Z
25-07-18T17:31:56Z,25-07-18T18:31:56Z
25-07-18T19:28:56Z,25-07-18T22:52:56Z
25-07-19T01:55:56Z,25-07-19T03:43:56Z
25-07-20T20:54:56Z,25-07-21T04:57:56Z
25-07-22T15:00:56Z,25-07-22T15:19:56Z
25-07-24T01:55:56Z,25-07-24T02:16:56Z
25-07-24T13:42:56Z,25-07-24T14:05:56Z
25-07-24T21:02:56Z,25-07-24T21:29:56Z
25-07-25T11:46:56Z,25-07-25T12:01:56Z
25-07-25T23:23:56Z,25-07-26T00:58:56Z
25-07-26T10:03:56Z,25-07-26T10:29:56Z
25-07-27T20:12:56Z,25-07-28T02:47:56Z
25-07-28T05:47:56Z,25-07-28T06:17:56Z
25-07-28T06:43:56Z,25-07-28T07:10:56Z
25-07-28T13:52:56Z,25-07-28T14:00:56Z
25-07-29T16:38:56Z,25-07-29T17:09:56Z
25-07-30T13:54:56Z,25-07-30T14:22:56Z
25-07-30T20:44:56Z,25-07-31T01:15:56Z
25-07-31T02:26:56Z,25-07-31T03:03:56Z
25-07-31T03:32:56Z,25-07-31T03:48:56Z
25-07-31T11:52:56Z,25-07-31T12:09:56Z
25-07-31T19:06:56Z,25-07-31T19:19:56Z
25-08-02T05:55:56Z,25-08-02T06:18:56Z
25-08-02T11:45:56Z,25-08-02T12:08:56Z
25-08-02T16:15:56Z,25-08-02T16:39:56Z
25-08-02T23:02:56Z,25-08-02T23:33:56Z
25-08-04T06:51:56Z,25-08-04T07:34:56Z
25-08-04T07:59:56Z,25-08-04T08:26:56Z
25-08-04T09:42:56Z,25-08-04T10:09:56Z
25-08-04T19:05:56Z,25-08-04T19:33:56Z
25-08-05T21:46:56Z,25-08-05T21:57:56Z
25-08-07T11:11:56Z,25-08-07T11:24:56Z
25-08-07T22:33:56Z,25-08-07T23:17:56Z
25-08-08T06:55:56Z,25-08-08T07:26:56Z
25-08-08T15:03:56Z,25-08-08T15:22:56Z
25-08-09T11:38:56Z,25-08-09T11:51:56Z
25-08-11T11:49:56Z,25-08-11T12:04:56Z
25-08-12T00:53:56Z,25-08-12T01:31:56Z
25-08-12T19:02:56Z,25-08-12T19:09:56Z
25-08-12T21:32:56Z,25-08-12T22:10:56Z
25-08-13T20:22:56Z,25-08-13T20:50:56Z
25-08-13T23:01:56Z,25-08-13T23:20:56Z
25-08-14T15:03:56Z,25-08-14T15:13:56Z
25-08-14T18:04:56Z,25-08-14T18:28:56Z
25-08-14T18:48:56Z,25-08-14T19:08:56Z
25-08-14T22:29:56Z,25-08-14T22:40:56Z
25-08-15T13:01:56Z,25-08-15T13:16:56Z
25-08-15T17:28:56Z,25-08-15T17:44:56Z
25-08-16T14:02:56Z,25-08-16T14:19:56Z
25-08-17T20:33:56Z,25-08-17T21:35:56Z
25-08-18T17:17:56Z,25-08-18T17:33:56Z
25-08-19T01:24:56Z,25-08-19T02:01:56Z
25-08-20T10:16:56Z,25-08-20T10:42:56Z
25-08-20T20:32:56Z,25-08-21T04:25:56Z
25-08-21T07:24:56Z,25-08-21T08:14:56Z
25-08-21T11:01:56Z,25-08-21T12:16:56Z
25-08-22T13:24:56Z,25-08-22T13:43:56Z
25-08-23T03:56:56Z,25-08-23T04:29:56Z
25-08-23T07:55:56Z,25-08-23T08:18:56Z
25-08-25T12:55:56Z,25-08-25T13:09:56Z
25-08-27T19:21:56Z,25-08-28T04:30:56Z
25-08-28T05:19:56Z,25-08-28T07:30:56Z
25-08-28T12:27:56Z,25-08-28T12:35:56Z
25-08-29T07:52:56Z,25-08-29T08:06:56Z
25-08-29T14:38:56Z,25-08-29T14:48:56Z
25-08-29T20:32:56Z,25-08-30T04:21:56Z
25-08-30T04:31:56Z,25-08-30T05:20:56Z
25-08-30T05:50:56Z,25-08-30T06:01:56Z
25-08-30T09:39:56Z,25-08-30T10:30:56Z
25-09-01T08:14:56Z,25-09-01T08:37:56Z
25-09-01T23:43:56Z,25-09-02T00:24:56Z
25-09-02T07:17:56Z,25-09-02T10:57:56Z
25-09-02T17:22:56Z,25-09-02T18:21:56Z
25-09-02T20:22:56Z,25-09-03T00:22:56Z
25-09-03T02:33:56Z,25-09-03T04:45:56Z
25-09-04T12:48:56Z,25-09-04T13:16:56Z
25-09-05T20:52:56Z,25-09-06T00:21:56Z
25-09-06T12:29:56Z,25-09-06T12:50:56Z
25-09-06T17:10:56Z,25-09-06T19:14:56Z
25-09-06T19:44:56Z,25-09-07T03:16:56Z
25-09-07T03:49:56Z,25-09-07T05:43:56Z
25-09-07T16:27:56Z,25-09-07T17:13:56Z
25-09-07T17:26:56Z,25-09-07T18:31:56Z
25-09-08T00:31:56Z,25-09-08T01:18:56Z
25-09-09T14:34:56Z,25-09-09T15:18:56Z
25-09-09T21:24:56Z,25-09-10T05:05:56Z
25-09-10T17:59:56Z,25-09-10T18:28:56Z
25-09-11T08:53:56Z,25-09-11T09:12:56Z
25-09-13T11:48:56Z,25-09-13T12:29:56Z
25-09-14T10:06:56Z,25-09-14T10:27:56Z
25-09-14T19:42:56Z,25-09-14T19:58:56Z
25-09-15T23:03:56Z,25-09-15T23:13:56Z
25-09-15T23:20:56Z,25-09-16T00:46:56Z
25-09-16T23:50:56Z,25-09-17T00:07:56Z
25-09-18T01:23:56Z,25-09-18T02:09:56Z
25-09-18T15:35:56Z,25-09-18T15:53:56Z
25-09-18T16:59:56Z,25-09-18T18:49:56Z
25-09-18T23:06:56Z,25-09-18T23:41:56Z
25-09-19T00:02:56Z,25-09-19T00:09:56Z
25-09-19T16:52:56Z,25-09-19T17:26:56Z
25-09-19T19:35:56Z,25-09-19T20:04:56Z
25-09-20T02:24:56Z,25-09-20T05:07:56Z
25-09-20T07:21:56Z,25-09-20T08:58:56Z
25-09-20T10:36:56Z,25-09-20T10:47:56Z
25-09-21T23:09:56Z,25-09-22T00:31:56Z
25-09-22T11:23:56Z,25-09-22T11:58:56Z
25-09-24T02:52:56Z,25-09-24T02:59:56Z
25-09-24T10:25:56Z,25-09-24T11:05:56Z
25-09-26T12:06:56Z,25-09-26T12:26:56Z
25-09-27T00:53:56Z,25-09-27T01:11:56Z
25-09-27T23:12:56Z,25-09-27T23:33:56Z
25-09-28T00:22:56Z,25-09-28T07:10:56Z
25-09-28T11:53:56Z,25-09-28T12:18:56Z
25-09-29T16:37:56Z,25-09-29T16:57:56Z
25-09-30T15:54:56Z,25-09-30T16:20:56Z
25-10-01T05:17:56Z,25-10-01T06:47:56Z
25-10-01T21:46:56Z,25-10-01T22:27:56Z
25-10-02T04:36:56Z,25-10-02T07:26:56Z
25-10-02T10:58:56Z,25-10-02T13:13:56Z
25-10-02T13:37:56Z,25-10-02T14:10:56Z
25-10-02T20:23:56Z,25-10-02T21:03:56Z
25-10-02T22:47:56Z,25-10-03T01:47:56Z
25-10-03T18:40:56Z,25-10-03T19:13:56Z
25-10-04T12:45:56Z,25-10-04T13:22:56Z
25-10-04T23:17:56Z,25-10-05T05:11:56Z
25-10-06T00:12:56Z,25-10-06T00:38:56Z
25-10-07T05:53:56Z,25-10-07T07:17:56Z
25-10-07T14:12:56Z,25-10-07T14:40:56Z
25-10-07T19:27:56Z,25-10-07T20:09:56Z
25-10-07T21:12:56Z,25-10-07T21:33:56Z
25-10-09T19:16:56Z,25-10-09T19:50:56Z
25-10-09T21:16:56Z,25-10-10T02:05:56Z
25-10-10T02:47:56Z,25-10-10T03:44:56Z
25-10-10T04:18:56Z,25-10-10T05:24:56Z
25-10-12T07:10:56Z,25-10-12T07:34:56Z
25-10-12T08:41:56Z,25-10-12T08:50:56Z
25-10-13T02:59:56Z,25-10-13T03:14:56Z
25-10-13T20:13:56Z,25-10-13T20:35:56Z
25-10-14T09:22:56Z,25-10-14T09:46:56Z
25-10-15T14:32:56Z,25-10-15T14:45:56Z
25-10-15T20:55:56Z,25-10-15T21:07:56Z
25-10-16T03:14:56Z,25-10-16T04:43:56Z
25-10-18T10:43:56Z,25-10-18T11:09:56Z
25-10-20T10:14:56Z,25-10-20T10:31:56Z
25-10-20T22:24:56Z,25-10-20T22:37:56Z
25-10-21T01:52:56Z,25-10-21T02:47:56Z
25-10-21T15:43:56Z,25-10-21T16:01:56Z
25-10-21T21:54:56Z,25-10-21T22:25:56Z
25-10-21T23:02:56Z,25-10-22T00:21:56Z
25-10-22T01:25:56Z,25-10-22T01:54:56Z
25-10-22T02:45:56Z,25-10-22T06:56:56Z
25-10-22T20:52:56Z,25-10-22T21:48:56Z
25-10-22T22:30:56Z,25-10-22T22:56:56Z
25-10-23T06:42:56Z,25-10-23T06:59:56Z
25-10-23T08:10:56Z,25-10-23T08:42:56Z
25-10-24T20:05:56Z,25-10-24T20:26:56Z
25-10-25T01:48:56Z,25-10-25T02:34:56Z
25-10-26T00:24:56Z,25-10-26T01:02:56Z
25-10-27T16:32:56Z,25-10-27T16:49:56Z
25-10-28T14:42:56Z,25-10-28T15:01:56Z
25-10-29T22:44:56Z,25-10-30T05:11:56Z
25-11-01T17:03:56Z,25-11-01T17:37:56Z
25-11-01T17:57:56Z,25-11-01T18:37:56Z
25-11-02T17:40:56Z,25-11-02T18:12:56Z
25-11-02T21:30:56Z,25-11-02T22:04:56Z
25-11-03T08:06:56Z,25-11-03T08:29:56Z
25-11-03T13:53:56Z,25-11-03T14:13:56Z
25-11-03T16:22:56Z,25-11-03T16:42:56Z
25-11-04T01:17:56Z,25-11-04T01:35:56Z
25-11-05T02:15:56Z,25-11-05T02:38:56Z
25-11-05T23:39:56Z,25-11-06T00:08:56Z
25-11-06T09:00:56Z,25-11-06T10:04:56Z
25-11-06T14:37:56Z,25-11-06T14:52:56Z
25-11-06T22:44:56Z,25-11-06T23:14:56Z
25-11-07T21:20:56Z,25-11-07T22:12:56Z
25-11-07T22:50:56Z,25-11-08T00:45:56Z
25-11-08T01:47:56Z,25-11-08T04:56:56Z
25-11-09T10:12:56Z,25-11-09T10:35:56Z
25-11-09T21:04:56Z,25-11-09T21:30:56Z
25-11-09T22:26:56Z,25-11-09T23:04:56Z
25-11-11T05:07:56Z,25-11-11T05:40:56Z
25-11-13T12:44:56Z,25-11-13T13:04:56Z
25-11-13T21:47:56Z,25-11-14T02:58:56Z
25-11-14T04:58:56Z,25-11-14T05:18:56Z
25-11-14T19:17:56Z,25-11-14T19:47:56Z
25-11-15T07:39:56Z,25-11-15T07:53:56Z
25-11-15T15:03:56Z,25-11-15T15:31:56Z
25-11-16T02:52:56Z,25-11-16T03:17:56Z
25-11-17T21:42:56Z,25-11-17T21:57:56Z
25-11-17T22:09:56Z,25-11-17T22:25:56Z
25-11-19T00:41:56Z,25-11-19T05:47:56Z
25-11-19T08:23:56Z,25-11-19T09:04:56Z
25-11-20T16:59:56Z,25-11-20T17:21:56Z
25-11-24T10:09:56Z,25-11-24T10:35:56Z
25-11-24T22:49:56Z,25-11-25T01:16:56Z
25-11-25T03:33:56Z,25-11-25T06:30:56Z
25-11-27T03:12:56Z,25-11-27T03:31:56Z
25-11-28T00:16:56Z,25-11-28T00:38:56Z
25-11-28T09:58:56Z,25-11-28T10:30:56Z
25-11-28T16:42:56Z,25-11-28T17:16:56Z
25-11-28T20:52:56Z,25-11-29T07:24:56Z
25-11-29T20:58:56Z,25-11-29T22:25:56Z
